text,date,user,sentiment,query,uncertainty_sngp
coachella i want to go sing the cure for me,Sat Apr 18 22:37:08 PDT 2009,taniia_r,0,NO_QUERY,0.64987814
im in my room eating some of my moms amazing noodles i know youre jealous,Sun May 17 11:58:04 PDT 2009,Singingirlx10,2,NO_QUERY,0.63740027
y i gotta b talkin bout clubbin y cant i b talkin bout the moviesdinneror just hangin out,Fri May 29 10:57:39 PDT 2009,MSEDITH88,0,NO_QUERY,0.6720384
hiya yes i have rebooted and it still isnt right wondering what is wrong as it was working a couple of weeks agon,Sun May 17 05:15:01 PDT 2009,felicityfuller,0,NO_QUERY,0.65891784
going to take a shower and then homework,Sun May 03 08:45:58 PDT 2009,lovefrustration,0,NO_QUERY,0.6071829
my stomach feels much better after eating yet another bowl of chicken noodle soup,Tue Jun 02 20:53:55 PDT 2009,jvelasquezphx,2,NO_QUERY,0.6679423
fuck yaself or ill do it for you lol,Sat Jun 06 19:54:30 PDT 2009,DoraThaExplorer,2,NO_QUERY,0.6446202
is resting her eyes,Tue Jun 16 00:44:20 PDT 2009,sarahymlee,2,NO_QUERY,0.6936567
thats mean,Thu May 28 21:15:42 PDT 2009,xxxSupermodel,0,NO_QUERY,0.64089733
starting to play my warrior again going for loremaster no raiding for six weeks though,Sun May 17 23:48:53 PDT 2009,WukkiUkki,0,NO_QUERY,0.66969097
im almost positive that lebron james is not completely human take that,Thu May 28 20:48:27 PDT 2009,_EKu_,2,NO_QUERY,0.63813806
so colddddd and rainy but i like it p,Mon May 18 00:31:52 PDT 2009,HolleebH,0,NO_QUERY,0.64704686
why limit your story to ch tell all what is annoying you at,Sat Jun 06 08:59:54 PDT 2009,what_bugs_u,2,NO_QUERY,0.6254294
the year i dont,Sun May 31 13:16:51 PDT 2009,listenmissy,0,NO_QUERY,0.66071695
is on his way to college on his day off death to getting in shows by force of good will only,Mon Jun 15 01:06:04 PDT 2009,hiscocks,0,NO_QUERY,0.6534525
tryna rob me niqqa im pinky niqqa whats up,Sun Jun 14 22:51:56 PDT 2009,missfyared,2,NO_QUERY,0.6422557
rains pouring again good thing im just gonna stay at home,Tue Jun 02 01:12:48 PDT 2009,happylovesChuck,2,NO_QUERY,0.69321525
no although she was awesome i already have too many here she needed a good home where she could be queen,Thu Jun 25 09:12:36 PDT 2009,K_MacFarlane,0,NO_QUERY,0.69322133
im so tired im so paranoid cuz my dad said quotthis is your last day of relaxingquot and i looked at the schedule i have intense volleyball,Sun Jun 21 06:20:45 PDT 2009,DaniellaFTW,0,NO_QUERY,0.6068945
wisdom teeth out today would rather die,Tue Jun 16 08:42:38 PDT 2009,GloomyJenMen,0,NO_QUERY,0.65485746
it was sad but the ending was nice i love how the pictures were placed,Wed Jun 17 19:55:50 PDT 2009,Emiilyy,0,NO_QUERY,0.6910323
oh boy its gonna be one of those days again,Thu Jun 18 09:57:11 PDT 2009,Shauntastic,0,NO_QUERY,0.67861325
we seem to have three extra tickets for the oasis blokefest a week on friday anyone want them dm me or whatever,Mon Jun 01 02:03:56 PDT 2009,webstl,2,NO_QUERY,0.68491673
i hear cats fighting outside how come i never see awesome stuff like that when im actually outside,Tue Jun 16 00:00:07 PDT 2009,matto_dingo,0,NO_QUERY,0.6600062
drive fast when works finished want you to come home feel really ill in an actual imighthaveavirus way,Thu Jun 25 06:49:47 PDT 2009,June_Bear,0,NO_QUERY,0.63514423
she didnt know about the kitty so were safe she has a dog she loves and a fish she adores it was more me,Tue Apr 07 08:25:41 PDT 2009,EvelynErives,2,NO_QUERY,0.6100591
i cant wait til adree turns last left,Sun Jun 07 13:52:10 PDT 2009,NezValenzuela,2,NO_QUERY,0.6689406
at least were dying together suhweet xd,Sun Jun 07 04:12:32 PDT 2009,iAd0rkable,2,NO_QUERY,0.6910361
not really the house drummer is there every week but sometimes other drummers show up not this time but it will happen,Mon May 11 22:48:17 PDT 2009,TySeale,2,NO_QUERY,0.69731057
i heard that was considering eating her grasshoppers,Sun May 17 23:12:21 PDT 2009,shih_wei,2,NO_QUERY,0.6430914
no its confirmed the dates not set yet but it will be near utrecht,Tue Jun 16 06:50:47 PDT 2009,xxAnouk,2,NO_QUERY,0.69756484
what should i do today i think ill ride to the shops and get a smoothie then walk my dog what a boring day,Fri Jun 19 18:02:33 PDT 2009,sophie267,0,NO_QUERY,0.6869836
i want a new bedrepaint my room get a proper bookshelf etc,Wed Jun 17 23:53:57 PDT 2009,meing,0,NO_QUERY,0.60150427
gahhh hiccups,Fri Jun 05 21:39:01 PDT 2009,SamiCappola,0,NO_QUERY,0.68135285
isss in topeka kansas and leaving back for texass tomorrow morning,Sat Jun 20 11:50:59 PDT 2009,AlwaysWright2,0,NO_QUERY,0.6170391
why dont things open early so i can get stuff done,Fri May 22 06:44:45 PDT 2009,saegizi,0,NO_QUERY,0.6060718
hmmm you might be right but i want reaaal uplifting trance,Sat Apr 18 09:56:59 PDT 2009,djcodey,2,NO_QUERY,0.69139266
you still on if you were here i really need a hugg,Fri Jun 19 20:19:33 PDT 2009,_CatherineElyse,0,NO_QUERY,0.65189546
pj stock kelly hrudey gtgt mike milbury pierre mcguire no contest cbc is yummier for once,Sat May 02 10:53:14 PDT 2009,magicmittens,2,NO_QUERY,0.68968856
glad life isnt a chatroom because then we would all be horny creepy rude and fat,Sun Jun 14 23:40:00 PDT 2009,tpark18,2,NO_QUERY,0.69583404
the adrenaline rush while trying to get it,Thu May 28 23:04:45 PDT 2009,ichigo_han,2,NO_QUERY,0.6989647
i just got home,Sat Apr 18 22:27:24 PDT 2009,TereWontStop,2,NO_QUERY,0.6526702
i got a speeding ticket in a mph,Sat Jun 20 20:52:21 PDT 2009,luluhears,0,NO_QUERY,0.65789115
agreed which is why so unethical for schools to use classroom for indoctrination teachers did that me since grd school,Sun May 03 08:50:31 PDT 2009,reverielarke,0,NO_QUERY,0.6657156
is so happy that it is the last day of classes but more days of exams,Wed Jun 03 04:01:30 PDT 2009,sasha123456789,2,NO_QUERY,0.6963271
says gianty oolll ddddooonnngggg,Sat Jun 20 03:23:46 PDT 2009,Astridawzki,0,NO_QUERY,0.6933001
hahah tell me gina why is that,Sat May 16 20:44:34 PDT 2009,robbbinnnn,2,NO_QUERY,0.6918223
off to rehearsals,Thu May 14 03:11:58 PDT 2009,maanfara,2,NO_QUERY,0.6269131
just put my phone to charge after it died twitterfon did some optimization and now it has an ad,Sat May 30 00:50:05 PDT 2009,DannysUltimatum,0,NO_QUERY,0.66588885
ha the easiest names often cause the biggest probs rains for instance is apparently a killer to spell,Fri May 29 22:10:19 PDT 2009,lindarains,2,NO_QUERY,0.68699825
sorry false alarm youre my mr daaaaaaarcy and is your elizabeth bennet but ii should b ur eliza dont,Mon Jun 22 15:33:02 PDT 2009,georginaisback,0,NO_QUERY,0.6860415
so distracted by twitter youtube when i reaaaaaaally should be studying for my double exam tomr ahh,Wed Jun 17 19:01:38 PDT 2009,elizzybee,0,NO_QUERY,0.6203748
shut up no seriouslyi said justin who is jj so i didnt really repeat lolso i called himthanks for understanding,Sun Jun 07 11:00:40 PDT 2009,JBnVFCLover786,2,NO_QUERY,0.6963815
eh ill be a bit lateish can you send our surveys for printing copies,Wed Jun 03 00:21:40 PDT 2009,kiryne,2,NO_QUERY,0.6318705
youre coloring your hair pinkor did you just want to know what you were doing wrong with your application,Sat Jun 06 23:45:41 PDT 2009,tobint,2,NO_QUERY,0.6721277
im surprised you didnt find my post to be sarcastic im with you i didnt take it the wrong way quotshaaaaaaaawdyquot,Sat May 30 16:22:18 PDT 2009,KidCalloway,2,NO_QUERY,0.6785346
twitter is addicting tho xx,Sun May 31 02:42:38 PDT 2009,Rebekah_McFly,2,NO_QUERY,0.6236542
i couldnt comment yesterday,Thu Jun 18 09:52:22 PDT 2009,visheshunni,0,NO_QUERY,0.66018414
dw bub i had the shittest night at work it was cause i wasnt there you would of been awesome love xoxo lt,Mon Apr 20 04:54:29 PDT 2009,torilovesbradie,0,NO_QUERY,0.6809373
iphone is the best phone had all of them also sorry,Mon May 11 22:16:53 PDT 2009,screamyel,0,NO_QUERY,0.6116212
unusual maybe but not narcissistic at all,Sat May 30 03:59:55 PDT 2009,planetchuckie,2,NO_QUERY,0.66648066
not from where i am sat in a datacentre in greenford there not more nora batties stockings from the cleaner,Tue Jun 02 05:53:51 PDT 2009,drjedgar,0,NO_QUERY,0.6348164
my ears are ringing im so tired but i dont wanna sleep tonight was fun had a good time,Sat May 30 07:02:19 PDT 2009,SQUASCHOOM,0,NO_QUERY,0.69516075
h que preguia vou ver the lost world bjs quero ver fastlane poa,Mon Jun 15 10:57:25 PDT 2009,geehx3,0,NO_QUERY,0.6514921
see its cause you cut your hair youre like the antisamson,Tue Apr 21 00:20:49 PDT 2009,riggledo,2,NO_QUERY,0.6137655
i just made biscuits but i doubled the recipe and they came out weird,Tue Jun 23 14:55:19 PDT 2009,clairerocks,0,NO_QUERY,0.68662715
hey peter sorry to ask but have you spoken to rpattz today i was wondering if he was ok bc he was almost run over xxx,Fri Jun 19 09:54:51 PDT 2009,DJMaroona,0,NO_QUERY,0.67795944
i am jessei amim thinkin i might have to try to get a follower on the friendfeed acct i opened the other day,Fri Jun 05 19:34:04 PDT 2009,heykim,2,NO_QUERY,0.6045268
looks like someone made a mistake while registering customer care can help straighten this out,Tue Jun 23 08:31:12 PDT 2009,eHarmony_jack,0,NO_QUERY,0.6921209
im outta tha shower but i cant be botherd getting ready the shower made me more tired baah,Sat Jun 20 08:50:44 PDT 2009,samboothey,0,NO_QUERY,0.67637134
the world just disappear when youre here its like zero gravity i danced like crazy whaha they also hugged each other a,Sat May 16 22:44:59 PDT 2009,sharylsy18,2,NO_QUERY,0.6154305
bugger somewhere on my travels ive lost my flip mino had some good footage of rico tubbs on there ah well best get saving for anot,Sun May 31 02:53:11 PDT 2009,MetroBoy,0,NO_QUERY,0.6795213
you suuuckk anyways howd you get that hook me uuppp idk about jersey though,Fri Jun 05 08:56:10 PDT 2009,TheNotoriousJEN,2,NO_QUERY,0.6209102
is working and super excited to get off work and chillax watch some weeds and eat some za,Fri Jun 05 12:20:16 PDT 2009,AmandaLTouch,2,NO_QUERY,0.67465746
thats what we like to hear forget washing the dirty laundry lets just air it in public instead mmmm,Wed Jun 03 02:56:49 PDT 2009,secret_thoughts,2,NO_QUERY,0.63705665
grad school vs wife amp dog id choose more grad school anyday v doesnt read twitter so i can say this safely,Fri May 29 08:38:02 PDT 2009,parags,2,NO_QUERY,0.6901125
letting it gobreathe lt expects exodus of fpmt followersdats cool,Mon Jun 01 23:34:25 PDT 2009,thubtenyeshe,2,NO_QUERY,0.67634124
off to the welder i love when i get to leave workeven if its work related,Fri May 22 06:31:25 PDT 2009,Beana,2,NO_QUERY,0.69588196
phew thats good least its no longer midnight dark,Tue Jun 16 05:08:17 PDT 2009,talkingtostars,2,NO_QUERY,0.6691039
up and having trouble falling asleep,Sun May 03 01:45:54 PDT 2009,babyday,0,NO_QUERY,0.6189692
i am alive my internet seems to be much better still cant load youtube videos lets see how long it lasts,Sat May 02 05:31:57 PDT 2009,jamesthird,0,NO_QUERY,0.69416344
were in stockholm tuesfriday tues was cheaper to fly i guess tho its still krone then back to oslo ask beate,Mon Jun 01 13:21:48 PDT 2009,KateSees,0,NO_QUERY,0.69064206
planning for an overnight camp this weekend havent figured out where,Tue Jun 02 02:59:42 PDT 2009,lasiaf,0,NO_QUERY,0.67179036
i just want to have fun,Fri May 29 19:25:05 PDT 2009,x5ayres5x,0,NO_QUERY,0.628073
are you asking me this,Sat Apr 18 22:07:08 PDT 2009,WuChann,2,NO_QUERY,0.6240587
uhhhh this sux,Tue May 26 21:08:41 PDT 2009,AmanduhPleez,0,NO_QUERY,0.69008875
that goose bento in that article is pretty impressive though not as impressive as your stuff imo,Sun May 17 09:47:42 PDT 2009,JofArnold,2,NO_QUERY,0.6825124
wants freddie to come and see her,Tue Jun 16 04:03:27 PDT 2009,lowennn,0,NO_QUERY,0.61232567
lol i know i made the mistake of sleeping when i got home,Sat May 09 19:14:23 PDT 2009,Shutterbugiz,0,NO_QUERY,0.6750704
so sorry sorry sorry i love you and youre my unique best friend cause youre always with me i lov e you i love u,Fri Jun 19 19:52:35 PDT 2009,the_PatrickStar,0,NO_QUERY,0.62190545
quite hopefully she doesnt figure it out otherwise youre in trouble,Mon Jun 01 09:39:48 PDT 2009,themattscott,2,NO_QUERY,0.694327
had to bring bosco to the vet hope all turns out okay,Tue Jun 23 11:10:49 PDT 2009,twistywilson,0,NO_QUERY,0.6938623
thats unfortunate is the time zone bit in the first part or the second because thats hilarious,Fri May 22 01:15:54 PDT 2009,uptheapples,0,NO_QUERY,0.67474174
ahah you didntt see o he danced to singlee ladiieees xd with heels ampthe same dress beyonce wore ahahahhaah,Wed Jun 03 10:27:50 PDT 2009,jonasobsessedx,2,NO_QUERY,0.6421876
woot woot going to tampa tonight to see no doubt perform so excited i cant sleep,Mon Jun 01 22:13:57 PDT 2009,all_lee,2,NO_QUERY,0.6476269
computer says no i will have a look on monday,Sat Jun 06 10:58:43 PDT 2009,ChimeraX,0,NO_QUERY,0.64081603
just dropped laura off at the atl airport to go to the dr fb,Sat May 30 05:53:27 PDT 2009,jwhitely,0,NO_QUERY,0.61945224
think i got soap in my eyes eyes running like mad not much more twitter tonight good night everyone xxx,Sun Jun 07 14:35:19 PDT 2009,amykate,2,NO_QUERY,0.6373365
i am getting my texas state mandated vehicle inspection,Thu Jun 18 10:21:04 PDT 2009,thomasjust,0,NO_QUERY,0.67336375
everyone will mistake you for a professor,Fri May 29 19:53:13 PDT 2009,Nattjenta,2,NO_QUERY,0.60275567
new jack city and mimosas we go hard,Sat Jun 06 17:19:11 PDT 2009,AutumnDalila,2,NO_QUERY,0.6318233
yeah i kinda got a gut feeling that the moon would be kinda lame at least u got a little moonshine n ur system,Wed Jun 17 22:59:23 PDT 2009,MsORIGINAL_1908,0,NO_QUERY,0.6064282
ive resorted back to the first few diggnations from withdrawal symptoms the last episode was brilliant,Fri May 29 16:36:54 PDT 2009,Limes102,2,NO_QUERY,0.65028065
just been emailed some really shit news about a friend who has hiv,Sun May 31 18:46:32 PDT 2009,executiverocker,0,NO_QUERY,0.66516685
is having a weekend from hell gf not sure on things and sat in casualty with dad,Sun May 10 05:10:54 PDT 2009,ellhawkes,0,NO_QUERY,0.6197102
didnt we do that promise last night lol,Mon Jun 01 15:41:25 PDT 2009,AceMas21,2,NO_QUERY,0.6954329
i hear ya but just who are reg people these days,Fri Jun 05 09:37:05 PDT 2009,JAGnLA,2,NO_QUERY,0.6909356
people weve been here since am why are you just making your way here now its late and i had dinner plans,Fri Jun 19 22:13:37 PDT 2009,jeannemariepics,0,NO_QUERY,0.6966156
theyre out,Fri Jun 19 16:34:30 PDT 2009,SkinFaceMcGee,0,NO_QUERY,0.6481902
juss waking upugh so lazy,Sun Jun 07 11:15:55 PDT 2009,Baby_O,0,NO_QUERY,0.6704594
the hills used to be the best reality tv seriesuntil kristin cavalleri came along and lauren left,Sat May 30 15:27:06 PDT 2009,VaNessaStYLeS,0,NO_QUERY,0.6623446
wethers turning bbbbaaaadddd bday celebrations were wicked this wkend well knackered from all the cake,Sun Jun 07 11:25:12 PDT 2009,RexMorgan1,2,NO_QUERY,0.6735512
your making me jealous now i want one how long have u guys been married,Fri May 29 00:36:51 PDT 2009,marci723,0,NO_QUERY,0.6735339
tried on beautiful dresses just wish they had fitted oh well back to scrubbing the bin clean,Tue Jun 16 06:32:13 PDT 2009,MightyMiniMo,0,NO_QUERY,0.6214365
its not that hard,Sat May 30 06:14:54 PDT 2009,MarcGrandmaison,2,NO_QUERY,0.6928966
os leaving the flat now byebye first year,Sat Jun 06 00:42:44 PDT 2009,charfree111,0,NO_QUERY,0.681765
i mean im not confident to be exact i have no confidence at all,Mon Apr 20 01:28:32 PDT 2009,karrupin,0,NO_QUERY,0.6170256
lol omg girl the concert was the shit last night rebel souljahz was there too everyone was jammin,Sat Apr 18 10:22:16 PDT 2009,itsgracefoo,2,NO_QUERY,0.69709504
will go to work with a friend this morning and see what he does,Fri May 22 02:04:54 PDT 2009,pastortone,2,NO_QUERY,0.6709708
gt cream together okay now stop tweeting me lies and well leave it to the phone,Sun Jun 07 06:19:19 PDT 2009,twebbstack,2,NO_QUERY,0.61590886
just wanted share perfect sunset in the uk wish id a pic but too chilled move see,Sun May 31 13:10:50 PDT 2009,clare666,2,NO_QUERY,0.68458414
funnn funnn times haha ur never on aim anymore,Sat Jun 20 19:54:38 PDT 2009,Merebearrr,0,NO_QUERY,0.68132275
yes gets everywhere will require another shower when i get home,Sun May 17 09:59:22 PDT 2009,Justin_A,0,NO_QUERY,0.6871425
awayyy to read then bed,Sun Jun 07 14:57:31 PDT 2009,bexxaaaaamate,2,NO_QUERY,0.6978811
i want spotify haha i also want to get some sleeeeep i cant sleep until i read out the book and write about,Sun May 31 12:46:14 PDT 2009,TheCaao,0,NO_QUERY,0.62256885
i havent seen all of ur vids yet but i will any way me is off to bed i guess gn amp sweet dreams,Mon Jun 15 21:23:21 PDT 2009,BillylakeG118,2,NO_QUERY,0.695233
the chores then a coffe i think,Sat May 30 03:11:08 PDT 2009,sirrenna,2,NO_QUERY,0.6633568
yippeeee theres nothing like a good storm,Tue Jun 16 06:28:27 PDT 2009,sassyred,2,NO_QUERY,0.6733807
at least youre not writing boxers is the nwa worship cd done yet i never got my copy who do i write to ta,Thu Jun 18 07:07:26 PDT 2009,KattheKat,0,NO_QUERY,0.65986747
is going to check out the day soon no smoking for me though,Mon Apr 20 00:31:09 PDT 2009,Lewis_k1,0,NO_QUERY,0.67235184
sounds like a plan although ill be on holidayvisiting family work that week,Wed May 27 07:20:37 PDT 2009,timfernando,0,NO_QUERY,0.6821655
when does the hannah montana movie come out on dvd i so need it i lt that movie,Sat May 30 15:40:05 PDT 2009,OMyFREAKINJonas,2,NO_QUERY,0.67611146
dang dont nobody wanna c movies w ya lol,Fri May 01 23:06:12 PDT 2009,blouiemusic,0,NO_QUERY,0.6161456
the hotel is fine last night just only mosquito but the mosquito brought many friends,Mon Jun 01 17:07:45 PDT 2009,tjendana,2,NO_QUERY,0.6446769
no we lost a heart breaker we are the atlanta airport now waiting for the selection show to see where we go for regionals,Sun May 10 18:45:54 PDT 2009,tiffanymcdonald,0,NO_QUERY,0.64307106
real coda mail quotyou know those whatever you call them under the local tab i thought they were links or something so i deleted themquot,Thu Jun 18 14:18:28 PDT 2009,cabel,0,NO_QUERY,0.64866763
teeheehee,Sun Jun 07 12:11:45 PDT 2009,natsuotoast,2,NO_QUERY,0.6237348
just got home work was awesome im so glad to be back,Tue Jun 16 04:17:32 PDT 2009,candyrocks,2,NO_QUERY,0.6203542
is sad but really really really happy goodnightnewyork,Sun Jun 07 08:51:52 PDT 2009,fattialias,0,NO_QUERY,0.67626166
just got home going to eat dinner and hitting the books again i forgot how stressful amp restless summer school can be,Wed Jun 24 22:04:42 PDT 2009,maryecastro23,0,NO_QUERY,0.68567955
waiting for the second match to startim behind the knight riders but only cos they have a cuter outfit,Sun Apr 19 08:04:43 PDT 2009,pinkerjen,2,NO_QUERY,0.6941141
lucky my mum would give them cake,Thu May 14 03:06:56 PDT 2009,Didyme,2,NO_QUERY,0.6516169
unfollowing no mhavia fixat que es una merda de twitterfeed,Mon Jun 15 02:20:48 PDT 2009,suranpu,0,NO_QUERY,0.696244
just saw preview for new moon i still dont see this guy as ed cullen and jacob is how old again wolf looks cartoonish but love it,Mon Jun 01 11:12:40 PDT 2009,MissCocoaLuv,2,NO_QUERY,0.6956098
ouch burned my hand cooking dinner and now have a nice collection of blisters,Fri Jun 19 04:13:36 PDT 2009,merrileefaber,0,NO_QUERY,0.6915984
lovely day and still nothing to do,Sat May 30 04:08:56 PDT 2009,fashiionvictim,0,NO_QUERY,0.6280354
my work weekend begins,Sat May 02 07:58:06 PDT 2009,CrucialAdaption,0,NO_QUERY,0.6243544
so im super hungry got sum chikbroc wr amp it was nastyyyy now wtf ima eat,Sat May 30 11:37:49 PDT 2009,MzHeNNy,0,NO_QUERY,0.62951773
a thats so cuuute,Wed Jun 24 23:44:42 PDT 2009,MistressVarla,0,NO_QUERY,0.6899861
dont leave phoenix,Thu Jun 25 00:23:57 PDT 2009,xodani,0,NO_QUERY,0.6544565
oh and i hate bots too said something once about bone marrow transplant followed by an association for that numerous examples,Sun May 31 01:45:54 PDT 2009,bindme,2,NO_QUERY,0.6961826
has pins and needles in her tootsies,Wed Jun 17 06:58:00 PDT 2009,LindseyJensch,0,NO_QUERY,0.68099463
hadnt realized how low my iphone charge was im back now and charging it,Sat Jun 06 09:17:29 PDT 2009,debmowry,0,NO_QUERY,0.6581262
home and away love short stack almost as much as i love them but i think i love them more,Tue Apr 07 02:44:38 PDT 2009,__emilyy,2,NO_QUERY,0.63610816
got up too early this morning loloh well gave me more time to myself lol,Sun Jun 07 10:17:59 PDT 2009,Aundrea_Silva,2,NO_QUERY,0.6960687
you think you could make any concerts not in michigan its quite hard for me to get over there i entered the concert but,Mon May 18 07:20:06 PDT 2009,ShadyBabe87,0,NO_QUERY,0.6140417
had good dreams last night its been a while,Fri May 29 08:06:04 PDT 2009,Dak831,2,NO_QUERY,0.6484878
its still degrees outside,Sat May 30 23:06:54 PDT 2009,mrspadfield,0,NO_QUERY,0.6378715
i have a headache but im updating blog soon,Mon May 18 08:04:20 PDT 2009,Nubiasnonsense,2,NO_QUERY,0.68867785
there can be miracles when you believe though hope is frail its hard to care who knows what miracles you can achieve sings,Sat May 02 05:47:43 PDT 2009,NadiaFN,2,NO_QUERY,0.6734689
done with sound check now i just gotta get my little girl ready for church it helps living minutes away,Sun Jun 07 06:59:15 PDT 2009,erikreagan,2,NO_QUERY,0.61572456
jozef gets hypnotized by music i wonder where he got that from,Sun May 31 06:29:13 PDT 2009,KeithPaulJason,2,NO_QUERY,0.6174496
dmed you back maam,Sat May 30 10:17:50 PDT 2009,MaybeMyBaby,2,NO_QUERY,0.6515279
of course thanks babes no big party this year i kept it lowkey with carla now in vegas,Fri May 22 00:02:28 PDT 2009,iamdionnamarie,2,NO_QUERY,0.6446647
dont be jealousbe proud i did it alone i didnt last long couldnt get anyone to talk to me,Fri Jun 19 15:26:17 PDT 2009,jinka_jennifer,0,NO_QUERY,0.60225594
designers and the need to get disconnected you are not the only one,Sat Jun 06 21:47:22 PDT 2009,megan_e_allen,2,NO_QUERY,0.6783978
just home from being with mates won no money gambling,Mon Apr 20 05:03:50 PDT 2009,Jac89p,0,NO_QUERY,0.6088736
call of duty waw map pack th june,Sat Jun 06 05:02:32 PDT 2009,Codeyswearse,2,NO_QUERY,0.61427873
survived netball thank god the need to hit c didnt arise full game at wd was tiring enough oh and we won,Sun May 31 07:08:03 PDT 2009,bilff,2,NO_QUERY,0.6826763
trust me if i could do so i would have downgraded to ps cs normal edition while upgrading to cs this time,Wed May 13 23:20:22 PDT 2009,PatchouliW,0,NO_QUERY,0.6376362
quotno anestisia for you since it doesnt work on you anywayquot,Tue Jun 16 15:11:43 PDT 2009,mekatek,0,NO_QUERY,0.69209063
wonders who derrick rose is and why is everyone talking about him hahaha sorry wala akong alam sa nba,Sun Apr 19 08:23:58 PDT 2009,Waley,0,NO_QUERY,0.60495716
done packing,Fri May 22 00:24:59 PDT 2009,mobiledavidd,2,NO_QUERY,0.6635836
two words monday moring,Mon May 18 04:26:48 PDT 2009,ahoskinss,0,NO_QUERY,0.69563985
at eurovision hadises microfon goes on and off fun it was a bit boring noray yay iiiuu germanys song was like said iiiuuu,Sun May 17 03:31:25 PDT 2009,AlishesArzu,2,NO_QUERY,0.6982702
i cant receive quotequot in germany but i will search the video in the internet,Thu Jun 25 02:05:07 PDT 2009,LoyalSteffRose,0,NO_QUERY,0.6339364
yawn in work anyone wanna bring me a starbucks,Tue Jun 16 01:48:25 PDT 2009,omgmashed,0,NO_QUERY,0.6672308
today is a big day the new jb album is coming out but when will he come to israel ill wait to it,Mon Jun 15 06:09:19 PDT 2009,tamamonet,2,NO_QUERY,0.6814308
at least you wont have to shave off your beard when you do the ballroom dancing thing not like when you were a clown,Mon May 18 06:39:00 PDT 2009,Nosceresworld,2,NO_QUERY,0.6489748
oooh dowry is another topic we cud debate days and end up confused i failed miserably in all my attempts,Sat Jun 06 22:05:52 PDT 2009,kuttyedathi,0,NO_QUERY,0.6577075
yeah ken something different tell us what you tonight for ex i missed out on the uncharted beta codes,Mon Jun 15 19:37:21 PDT 2009,richardoswald,0,NO_QUERY,0.62209594
back to columbus with my madre,Sun May 10 10:09:38 PDT 2009,rachelmartinn,2,NO_QUERY,0.60736346
got childcare now exam tomorow,Thu Jun 25 01:36:20 PDT 2009,CoralHowarth,0,NO_QUERY,0.60918593
omg please dont remind me im gonna run tonight when the sun sets,Fri Jun 05 09:13:59 PDT 2009,Rahelalicious,0,NO_QUERY,0.6807251
im bored i cant wait til saturday friday we will be buzzin cos well have tix for jb dddd,Sun May 03 07:59:19 PDT 2009,hayli_isabella,0,NO_QUERY,0.69567215
oooh u went to a santacruzan my dad went to pontevedra to watch i dnt knw if its the same santacruzan tho,Sat May 30 04:15:25 PDT 2009,tippyOquendo,2,NO_QUERY,0.69294715
nick found the last one,Mon Jun 01 09:58:56 PDT 2009,anambanana,2,NO_QUERY,0.6835601
is having a very lazy day,Sun Apr 19 08:24:46 PDT 2009,tezlong,2,NO_QUERY,0.61021423
see why i need a job my husband says it my fault i say not so its my bff i will call her and she will fix,Wed Jun 17 14:49:10 PDT 2009,LaDonnaSellers,0,NO_QUERY,0.66678077
i knew it they showed you guys for like seconds on the play right before the half ended,Fri May 29 18:54:01 PDT 2009,__joker_,2,NO_QUERY,0.62797284
making pasta salad for tomorrow hope my daria doesnt ditch me for her dude,Thu Jun 04 23:15:28 PDT 2009,NicholeAurora,0,NO_QUERY,0.6938585
haha im obsessed w shopping still waiting for my mom though whats taking her so long aaaahh cant wait,Sat Jun 20 03:15:26 PDT 2009,elissajunarso,0,NO_QUERY,0.68517363
i am not too sure i like this short hair thing very much,Mon Jun 22 17:17:06 PDT 2009,priyamooky,0,NO_QUERY,0.6927769
school history science fcs math amp english,Thu May 14 04:10:44 PDT 2009,krystal_xo15,0,NO_QUERY,0.6930844
i sent you a ms message they were having problems yesterday with following blocking and such thought you were made at me,Tue Jun 23 07:56:11 PDT 2009,Carylsixx,0,NO_QUERY,0.6602831
there r many leadership theories more importantly there r avenues to express these only mind only heart heart amp minduse both,Sat Jun 06 14:31:24 PDT 2009,eaglesflite,2,NO_QUERY,0.63595134
month and days til my birthday,Mon Jun 01 22:09:58 PDT 2009,TiffanyAnn16,2,NO_QUERY,0.6917856
happy mothers day all the fabulous moms out there the world wouldnt run without us keep up the good work enjoy ur day,Sat May 09 21:31:44 PDT 2009,josaremama,2,NO_QUERY,0.61337644
hey im not at the cmts tonight either,Tue Jun 16 20:17:11 PDT 2009,rebeccana,0,NO_QUERY,0.65875816
yeah hmm i think so ive never been there before but it was like caravans there haha,Sun Jun 07 08:18:28 PDT 2009,sannajonsson,2,NO_QUERY,0.68609214
well did good on first test bombed nd one looks like rest of class did too finished paper coglab and quiz another test in hrs,Tue Apr 21 03:06:07 PDT 2009,davidwhite21,0,NO_QUERY,0.64469546
me and my michelle,Mon Jun 01 17:54:18 PDT 2009,bngates,2,NO_QUERY,0.6298806
i have made a special preview version of my book its not very good yet but its coming along,Sun May 03 12:19:39 PDT 2009,OffSanity,2,NO_QUERY,0.66106987
last day of school but probably pulling an allnighter after graduation,Tue Jun 02 03:59:40 PDT 2009,manker20,0,NO_QUERY,0.69758826
hahaha i am leaving home before the breakfast starts,Sun May 31 14:17:20 PDT 2009,darrenporter,2,NO_QUERY,0.6975574
waitin for iphone g s in russia,Fri Jun 19 11:35:51 PDT 2009,iPen942,0,NO_QUERY,0.64977884
at workthe first half of the day was stressfulthe second half is chilled have an important meeting tomorrow and campie awards,Fri May 29 02:42:55 PDT 2009,neethiisaac,2,NO_QUERY,0.6964729
thanks for the tweets it says sold out but i thought etsy auto picked up relistings,Sun Jun 07 09:10:59 PDT 2009,NiftyKnits,0,NO_QUERY,0.6774987
gefeliciteerd,Tue Apr 21 00:31:01 PDT 2009,Martinpullen,2,NO_QUERY,0.61494136
ahh sel ur last tweet is totally something i would do hes an idiot i wish i could bring you ice cream or something haha,Tue Jun 16 06:15:32 PDT 2009,aRiellex3,0,NO_QUERY,0.64055514
sighhhhhhhhhhhhhhhhhhhhhhhhhhhhhh the imported ones are always better arent they,Mon Jun 01 06:57:18 PDT 2009,weeweeyun,0,NO_QUERY,0.6317353
hows this for immediate release baseball fanatics place fate of avatars on nearceller dweller series,Fri May 22 07:15:58 PDT 2009,PRtini,2,NO_QUERY,0.65687656
random celine dion owns everything just so all of you know that i really wanted to go see her in vegas but never got the chance to,Sun May 31 10:45:25 PDT 2009,sapphiresmoke,0,NO_QUERY,0.62396693
playing the guitar into ableton live and severely processingmangling the sound to create loops amp soundscapes bliss carry on then,Sat May 30 10:07:30 PDT 2009,scotsnow,2,NO_QUERY,0.63145244
thats awesome lol i live in the west so my accent is boring but i dont sound like a hillbilly cowboy or anything lol,Sun Jun 07 19:18:35 PDT 2009,irishsweetheart,2,NO_QUERY,0.6376296
sundays toast so ff to bed b another week in the boredroom,Sun Apr 19 00:37:52 PDT 2009,DaiDreima,0,NO_QUERY,0.6432866
okay i just twittered like hours ago im still tired what am i doing today lol lets ask branden,Sat Jun 20 12:08:11 PDT 2009,Charissie,0,NO_QUERY,0.6904812
he got me ridin past his bitches house,Sat May 30 14:13:58 PDT 2009,READYaimSMOKE,0,NO_QUERY,0.66408277
i know i have no idea whats causing it cuz it used to not be that way im revamping soon hopefully will find cause,Sun Jun 07 08:43:55 PDT 2009,mawbooks,0,NO_QUERY,0.6736839
off to starbucks right now last hours here,Sun May 31 09:22:30 PDT 2009,_meee,0,NO_QUERY,0.6965953
props on the new spray bottle it makes me want to clean beds nonstop the rest of the grls agree,Sun May 31 08:33:05 PDT 2009,kristinka16,2,NO_QUERY,0.683483
whoa swine flu is spreading be careful everybody,Sun May 03 07:33:24 PDT 2009,Hookney,0,NO_QUERY,0.6882784
i have some problems with flash as who can help me,Tue Jun 02 04:55:09 PDT 2009,Marijn1,0,NO_QUERY,0.6673792
uploading a new video its going to take about an hour and a half to upload though,Sat Jun 06 06:33:27 PDT 2009,Peterson8765,0,NO_QUERY,0.61447006
now puppy you shouldnt eat seatbelts that bad for puppy bellies he cares but thats expenive dad fix too,Sun Jun 21 08:52:11 PDT 2009,Wyldceltic1,0,NO_QUERY,0.68798757
loving lifehubs missing out being indoors,Sat Apr 18 14:44:47 PDT 2009,kelleymoon,0,NO_QUERY,0.66546667
yeahhes cool i like him and desmond though he hasnt done much this season,Sun May 03 17:34:07 PDT 2009,JeremyCShipp,2,NO_QUERY,0.66381663
well i know whats wrong with my spinebut nothing to fix it right now greattime for meds then bed timestory of my life,Fri Apr 17 21:25:21 PDT 2009,xmarycatherinex,0,NO_QUERY,0.65744317
my wish list for today more sleep even more sleep a hr body massage at cozy i dont think any of them will come true,Tue Jun 16 17:38:45 PDT 2009,dessey,0,NO_QUERY,0.63394773
hope everything is ok during these tough timeskeep strong lifes to short for anger keep on singin xx,Wed Jun 03 03:53:44 PDT 2009,DanniLW90,2,NO_QUERY,0.6557948
just get back from school,Mon May 18 03:01:41 PDT 2009,aisyacintantya,2,NO_QUERY,0.64414954
hey heading to bed before billy tells me to get off the computer leave stuff questions whatever,Sat May 02 02:06:59 PDT 2009,HotDogJake,2,NO_QUERY,0.6527314
i wonder whether the caa will ever pay me my money back months and counting,Wed Jun 17 06:05:09 PDT 2009,sophierouse,0,NO_QUERY,0.6389777
awww man runs house is playin too,Mon Jun 22 18:44:04 PDT 2009,Laidbackfella09,0,NO_QUERY,0.6298608
np,Mon Jun 01 02:50:00 PDT 2009,thes_r,2,NO_QUERY,0.68855953
yeah work today never mind only one day then sun sun sun,Thu May 28 23:37:31 PDT 2009,shoptilldrop,0,NO_QUERY,0.69952226
nah im not dancin much this summer tbh havin a baton summer again its thee only time i get a chance,Sat May 02 12:38:24 PDT 2009,zozod,0,NO_QUERY,0.69656557
goin to retrieve our towed car not my fault,Fri Jun 05 14:34:38 PDT 2009,f0ll0wMarf,0,NO_QUERY,0.68379116
sorry at first i didnt see the writing on your handi was blinded by that incredibly gorgeous smile,Sun May 03 17:49:31 PDT 2009,RonGetzLucky,2,NO_QUERY,0.68881106
do not think that is forgivable by a macbook naughty girl,Sun May 10 09:44:19 PDT 2009,an_other,2,NO_QUERY,0.6694318
sadly yes most of the ones ive got have lacked sweetness even nicely perfumed small ones,Sat Jun 20 05:49:37 PDT 2009,megnut,0,NO_QUERY,0.6247575
i miss alreadyyy did you like the season finale andy samberg was so funny at the mma,Mon Jun 01 07:59:49 PDT 2009,EvyNAF,0,NO_QUERY,0.65692073
in other news like a jackass i did gardening in a bikini top now im still translucent on the front and lobsterized on the back ouch,Tue May 26 21:08:43 PDT 2009,corinekimball,0,NO_QUERY,0.665766
i hope they find the passengers of the air france,Mon Jun 01 11:32:00 PDT 2009,squishyfox,0,NO_QUERY,0.6153171
jeez i couldnt stop reading im almost done with it,Sat Jun 06 22:57:29 PDT 2009,hannah_duh,2,NO_QUERY,0.69552934
my kids count down the days till saturday i hope its something they remember all of their lives,Sat May 09 19:16:09 PDT 2009,terrymyers,2,NO_QUERY,0.6953081
i would be there if i couldand im,Fri May 29 07:53:24 PDT 2009,bethlouizmacknz,2,NO_QUERY,0.67123353
basketball lake worth christian pm serious ballers only please,Sun Jun 07 13:11:10 PDT 2009,josiahpotter,2,NO_QUERY,0.65732753
she never called back,Tue Jun 23 15:03:45 PDT 2009,irene_velasquez,0,NO_QUERY,0.61900616
a wouldnt like to think of sore throats in connection with harpersglobe with the state of sparky and all though,Sat Jun 06 02:22:29 PDT 2009,aethre,0,NO_QUERY,0.6846386
hahah operation kidnap,Sun May 03 19:01:13 PDT 2009,almmma,2,NO_QUERY,0.67607415
i thought you might be describing followfriday it is kind of bewildering,Fri May 29 10:00:41 PDT 2009,johnyepes,2,NO_QUERY,0.6956801
thnks for the vote of confidence kaasan but rly anyone can talk about using a fosmid subcloning strategy is clueless,Mon Jun 01 21:53:33 PDT 2009,hafelina,2,NO_QUERY,0.68798965
to be honest i normally find them very good certainly better than hsbc or rbs am on sunday is forgivable downtime,Sun Jun 07 07:50:09 PDT 2009,martiell,2,NO_QUERY,0.6388214
im glad the kittahs are with me so i dont have to be alone,Fri May 29 01:24:11 PDT 2009,LydiaBarling,2,NO_QUERY,0.69444025
sold of urre,Mon Jun 01 10:06:00 PDT 2009,Elricadon,2,NO_QUERY,0.6977914
i went to sleep late again last night and now im paying,Sat May 30 01:23:47 PDT 2009,Your_Secrete,0,NO_QUERY,0.69961995
gonna be late to pick up trod,Fri May 29 21:33:02 PDT 2009,Crystal_Said,0,NO_QUERY,0.6241244
i cant work that from my phone but i think itll overlay green on whatever i upload i need a real computer for this,Thu Jun 18 06:51:57 PDT 2009,Kimber_Ann,0,NO_QUERY,0.6665963
going owt in a bit since its realii sunnyamp try to get a tan not gonna happenim pale lol,Mon Apr 20 03:22:48 PDT 2009,XxTiffanyxX,0,NO_QUERY,0.6845908
whats going on stud,Sun May 17 02:41:11 PDT 2009,adenstonexxx,2,NO_QUERY,0.69000125
lmao u r hysterical so no sammies then ps i can not believe you ate paying vladamir to set up a treadmil lol,Fri Jun 19 12:23:25 PDT 2009,StephanieKingxo,0,NO_QUERY,0.6082052
but thats life so im going to have to live with it even if it sucksoh well,Fri Jun 19 20:17:00 PDT 2009,Stephanie_52,0,NO_QUERY,0.6954316
dont hate me we all have flaws haha,Sat May 30 12:32:46 PDT 2009,waynooooo,0,NO_QUERY,0.6465912
ok so im at lunch yay me rite i hope every ones day isnt rainy as mine,Mon Jun 15 09:25:06 PDT 2009,BillylakeG118,0,NO_QUERY,0.69370276
who says that anyway,Mon Jun 01 06:24:25 PDT 2009,dougdan24,2,NO_QUERY,0.6167442
hope he gets back soon,Tue Jun 16 06:31:43 PDT 2009,THATBIRDIEGIRL,0,NO_QUERY,0.62863255
does the year in india count,Sat May 30 02:04:47 PDT 2009,jedidja,2,NO_QUERY,0.65199244
ughhh i fell asleep on the lounge now i dnt feel so good,Thu Jun 04 22:40:42 PDT 2009,Newy_ShortStack,0,NO_QUERY,0.68090564
phone absolutely out of commission after nineits ok my number will wake up to a blackberrybut it slows down my weekend,Sat Jun 06 17:28:35 PDT 2009,JsoSweet,0,NO_QUERY,0.62845945
at the melting pot happy hour yumm i hope i dont get bad gas from the cheese n beer lol,Tue May 26 22:47:36 PDT 2009,muhmaid,2,NO_QUERY,0.68010676
the day is looking good so far car in for repair at last and a parcel to be delivered,Mon Jun 01 23:38:45 PDT 2009,ladybug8320,2,NO_QUERY,0.6383108
i must defrag my pouter now,Sun Jun 07 11:53:07 PDT 2009,Kaners76,0,NO_QUERY,0.63158715
i think your tweeps are slacking offat one point his lead was down to about but now its over again,Sun May 31 13:26:07 PDT 2009,Huffleduck,0,NO_QUERY,0.6349585
i donated on the siteand i didnt even get a code thats ok though im gonna bring more to the concert great pics by the way,Wed Jun 17 16:52:30 PDT 2009,shawnasstoller,0,NO_QUERY,0.62415016
ouchie pulled something,Sat Jun 06 20:02:31 PDT 2009,kkiimberrllyy,0,NO_QUERY,0.6731802
weekend was easy quotmy shawty is a quot neighbors evaded my traps so i watched motogp unpolite,Mon May 18 01:53:06 PDT 2009,Nziokxs,2,NO_QUERY,0.61896825
class of,Fri May 29 22:52:17 PDT 2009,littlelaurenita,2,NO_QUERY,0.6996392
morning bleezershould be happy but i dnt know tht emotion anymore,Sat Jun 06 09:45:39 PDT 2009,kingdaddy20,0,NO_QUERY,0.6925122
ah the morning after the night before recharged show was a buzz now i have to do very unrock n roll normal type things,Sat Jun 20 03:43:47 PDT 2009,50ftwoman,0,NO_QUERY,0.6710936
i dont think so im filming another travel documentary on satsun ill put the in your acct wish we could see you,Mon May 18 02:56:47 PDT 2009,globetrotteri,0,NO_QUERY,0.62317884
confederations cup horns are the bom lol playing a tape for minutes hopefully wk isnt this annoying,Mon Jun 15 12:51:09 PDT 2009,JavierMoraless,2,NO_QUERY,0.6060261
ronja in east frisia,Sat May 30 08:21:07 PDT 2009,bumgirl,2,NO_QUERY,0.6414645
back in cleveland,Mon May 18 01:50:34 PDT 2009,RJax12,0,NO_QUERY,0.69595647
i just read your blog it was hilarious haha it made me rofl i wish i was in the us so i could see you on tour,Sat May 30 11:08:35 PDT 2009,PaoloAlonso,0,NO_QUERY,0.69495773
twitter is eerily quiet agreeing with that twitter has effectively killed its discovery aspect but replying would hide this,Thu May 14 00:29:06 PDT 2009,tenshirei,0,NO_QUERY,0.69727457
i was just about to say my sister wont let ya hurt me like that and then she post that bullshit no love lol,Sat May 30 16:31:31 PDT 2009,Kristina4ISM,0,NO_QUERY,0.6944593
forcing myself to watch bravo to influence me to get my sew on projects to finish but so little time maybe next time ill save ti,Fri Jun 19 00:41:48 PDT 2009,__Anya__,0,NO_QUERY,0.67560124
haha aww thnx kaysee sorry for late reply phone was on silent good luck on your games today,Sun Jun 07 13:31:39 PDT 2009,briandinosaur,2,NO_QUERY,0.6264863
still loading asot,Sat Apr 18 15:05:01 PDT 2009,tzwinn,0,NO_QUERY,0.64782465
is in science,Mon May 18 01:03:10 PDT 2009,austenp,2,NO_QUERY,0.69264793
back to work now i suppose enjoying the sunshine though,Fri May 22 06:06:28 PDT 2009,crghall,0,NO_QUERY,0.6252961
just got emotional watching james blunts carry you home,Wed Jun 17 04:02:25 PDT 2009,pwbbounce,0,NO_QUERY,0.66242754
nahhhhh not possible he could never hate u funny thing about them sockshe wore them in the mampg in prov lol,Thu Jun 04 10:11:05 PDT 2009,DsBabyGirl,2,NO_QUERY,0.65942
i think i picked the wrong program really debating my career choiceim serious,Sat Apr 18 17:13:32 PDT 2009,lgibbys,0,NO_QUERY,0.69432247
annoyed greg diddnt go through i guess well done holly,Fri May 29 14:30:06 PDT 2009,kirstiie223,0,NO_QUERY,0.6034206
thanks sweetie my wife finished th i finished th no trip to vegas for us,Sat Jun 06 18:58:28 PDT 2009,ronreddog,0,NO_QUERY,0.6411867
i love bb tweets there so spoilage,Sun Jun 07 12:52:32 PDT 2009,buffdavamp,2,NO_QUERY,0.6177491
just cleaned mii scrolly ball,Sat May 09 21:56:18 PDT 2009,taylormonet23,2,NO_QUERY,0.6681019
its looks like the lounge is creeping into the coldplay subforum,Mon Jun 01 02:07:23 PDT 2009,butadream,0,NO_QUERY,0.68734324
oooh noice our summer is looking very busy too if there is free time and if my visa gets sorted we should meet up,Mon May 11 23:03:40 PDT 2009,Mediamum,2,NO_QUERY,0.6342465
im red boo how short,Sat Jun 06 04:53:27 PDT 2009,ablackpanda,0,NO_QUERY,0.6372597
how many hours are productive in a day do you really need to be hours in an office i think not i hope this will change soon,Wed Jun 03 07:12:57 PDT 2009,atamayo,0,NO_QUERY,0.6921246
most likely down my local pub,Tue Jun 16 08:28:46 PDT 2009,Punkmunkyuk,2,NO_QUERY,0.6559974
so youre saying im wack aww,Sun Jun 07 08:33:29 PDT 2009,bitchville,0,NO_QUERY,0.62829876
thanks i should just rest but i have a busy day and deadlines,Thu Jun 25 07:36:16 PDT 2009,maddyhubba,0,NO_QUERY,0.6916224
omg you got to be fucking kidding me,Mon Jun 15 08:30:08 PDT 2009,DeeFrey,0,NO_QUERY,0.6605263
please please the only thing i want is you checkin my web dedicated to u,Sat Jun 06 13:16:58 PDT 2009,shhlaaliew,2,NO_QUERY,0.69394267
studying for a test on a sunday,Sun May 03 10:06:10 PDT 2009,BetsyK93,0,NO_QUERY,0.6540195
so proud of everyone this season will miss those of you leaving and cant wait til next season for more times with those returning,Sat May 30 20:27:01 PDT 2009,DerekMacario,2,NO_QUERY,0.6586075
but your getting married in two days,Thu Jun 04 10:53:54 PDT 2009,ashleyc33,2,NO_QUERY,0.6060505
my moms letting me drink amaretto slush today mmm,Sat Jun 06 14:07:17 PDT 2009,kellydonlan,2,NO_QUERY,0.60702735
perhaps this might be true however it make the follically challenged individual look like one,Fri May 29 21:51:52 PDT 2009,Project_2501,2,NO_QUERY,0.60189366
not sure when im camping just yet but a trip to joshua tree or death valley is in the works,Mon Jun 01 15:33:07 PDT 2009,18percentgrey,2,NO_QUERY,0.66816187
bored listening music just kinda woke up from falling asleep on the chair i luv him sooooo muchlt,Sun May 31 15:07:34 PDT 2009,bailey_ann_13,2,NO_QUERY,0.69504523
i supposed to list my name in the philippines its too late to realize i have enlisted my name in singapore hahaha lol,Tue Jun 16 00:06:16 PDT 2009,lemmyxuz,2,NO_QUERY,0.6888108
a day of cleaning and pampering at the salon,Mon Jun 01 09:41:49 PDT 2009,609Princess,2,NO_QUERY,0.6324582
i wasnt going to prybut as long as your day went great thats all i need to know,Sun May 17 23:13:56 PDT 2009,theIntriguing1,2,NO_QUERY,0.6699519
i gots my teefs did and now my mouf tastes like rubbah,Tue Jun 23 15:57:54 PDT 2009,jmtotten,0,NO_QUERY,0.69044536
feeling lost without my pnasty he is off having an adventure with my dad and brothersugh come home soon my lovelt,Fri Jun 19 12:49:47 PDT 2009,kaylaaleeann,0,NO_QUERY,0.66843545
needs to buy more csi cause he basically seen all of these like times or more,Sun Apr 19 00:25:04 PDT 2009,xdarrynashleyx,0,NO_QUERY,0.68041563
has lots of interstate trips coming up,Sun May 03 21:06:34 PDT 2009,brodes13,2,NO_QUERY,0.683835
lmao yea dats him he dnt even talk to me i hit him up amp he ignores me lol,Sat May 30 22:49:03 PDT 2009,kiannabanks,0,NO_QUERY,0.66435033
okay but only cuz youve been dealing with this s longer,Sat Jun 06 16:18:03 PDT 2009,flipflops,0,NO_QUERY,0.6827577
i cannot wait until i can finally turn that monfri alarm off for summer three exams down three to go,Fri Jun 05 21:56:51 PDT 2009,rachael2389,2,NO_QUERY,0.6938733
forgot my phone was in my pocket so it was thoroughly cleaned today via the washing machinehooray for meno phone now,Sat May 30 22:21:57 PDT 2009,lilbeechgirl,0,NO_QUERY,0.6619847
just off for a walk down the seafront typically the dark clouds seem to be closing in,Tue Apr 07 05:37:39 PDT 2009,saryp,0,NO_QUERY,0.62028986
time for work get off around who wants to chill,Sun Jun 07 12:29:06 PDT 2009,lawlitsmorgan,0,NO_QUERY,0.6471218
roflmao,Mon Jun 01 00:49:41 PDT 2009,ileftmycookie,2,NO_QUERY,0.69709384
watching the hills seaon work later on,Fri May 22 04:56:09 PDT 2009,keriaann08,2,NO_QUERY,0.64324456
its true myspace has a lot more friends in the lower who arent on fb yet or even here o shocking i know,Mon Jun 01 21:35:22 PDT 2009,Dr_Jared,2,NO_QUERY,0.6849985
miss danger think the same of miss president,Sat Jun 06 19:18:33 PDT 2009,Yoyitha,2,NO_QUERY,0.6975025
probably not now the job i got is from pm mf so i think my hubby will have kids at pool more than me,Wed Jun 17 18:36:49 PDT 2009,dalissa,0,NO_QUERY,0.6875982
i can do more push ups than my boyfriend,Wed Jun 03 00:19:49 PDT 2009,hiChristiana,2,NO_QUERY,0.6235359
ohhh no was thinkingthought i might blog my thoughtsforgotten,Fri Jun 19 01:38:27 PDT 2009,FallingBullets,0,NO_QUERY,0.6797435
thanks the file had corrupt gayness,Mon Jun 15 02:49:55 PDT 2009,vaninais,0,NO_QUERY,0.69699097
yup thats why im dying to get center rail again the pit was really tame even during ja i loved it after being sore lol,Mon Jun 01 22:06:30 PDT 2009,She_shines92,0,NO_QUERY,0.6965109
is relaxing at home no more days off about a week amp a half of work ahead of me,Wed Jun 24 22:53:20 PDT 2009,armyandy503,0,NO_QUERY,0.678115
mmmm too slow on iphone still tossing btw bb and iphone right now annoy them,Sun May 03 22:36:50 PDT 2009,eugenehor,2,NO_QUERY,0.6884053
i do do the hide for every quiz i see but it seems there are just more and more of them facebookfail,Mon Jun 15 11:35:34 PDT 2009,geeksdreamgirl,0,NO_QUERY,0.6561313
handbrake not sure exactly what yet theyre looking into it and wiper blades which i replaced months ago,Wed Jun 03 03:25:43 PDT 2009,hworsnop,0,NO_QUERY,0.6829283
hates being sexy in da rain but i luv ny xoxoxoxx,Sat Jun 20 19:28:53 PDT 2009,CRYSTALNYLA,0,NO_QUERY,0.6596569
or get a cab back,Sat Jun 06 23:23:44 PDT 2009,sawwaa,2,NO_QUERY,0.64210784
i jet washed our patio yesterday something very satisfying therapeutic about this am i the only one,Tue Apr 07 08:15:50 PDT 2009,peterbrady,2,NO_QUERY,0.6074095
holds out a box of cookies is it still too late,Sat Jun 06 04:11:18 PDT 2009,hxcfairy,0,NO_QUERY,0.6560694
nono its the effect,Fri May 29 01:29:42 PDT 2009,asmitter,2,NO_QUERY,0.69402415
hahaha ah too late lmao well okay see i only watched some amp omg it looks freaking amazing wait wanna hang morrow,Fri Apr 17 22:22:51 PDT 2009,angelaxjonas,2,NO_QUERY,0.6960949
just texted entire pledge class no one will go outside with me fml quotstudyingquot psh whats that,Fri Jun 05 14:21:02 PDT 2009,corner14,0,NO_QUERY,0.66368973
earache,Sun Jun 07 21:05:46 PDT 2009,my_randa,0,NO_QUERY,0.6236712
and off to cambridge,Sat Jun 06 15:20:33 PDT 2009,meemles,2,NO_QUERY,0.6967696
and i would be nothing without people like upay it forward,Sun Apr 19 11:20:46 PDT 2009,celebritymound,2,NO_QUERY,0.6978824
right am going to risk bed once more hope you get some sleep soon,Fri May 29 18:19:35 PDT 2009,mustntgrumble,2,NO_QUERY,0.62336236
have fun gets so crowded in those clubs which is why as a las vegan i try to steer clear ha,Sun May 03 00:51:02 PDT 2009,MrsVaught,2,NO_QUERY,0.6720344
after a busy days work if so enjoy,Sat May 30 01:14:36 PDT 2009,Goldenlight7,2,NO_QUERY,0.6945853
i feel for you when we moved to nh our only option was direcway so we invested mos later dsl became available,Sat Jun 06 10:30:02 PDT 2009,between2wheels,0,NO_QUERY,0.6471424
k ppl yall told me not wrk too hard tonite and i slowed it dwn once ha my body is thankin me right now ahh no body aches nite,Fri May 22 01:43:11 PDT 2009,singlexxx,2,NO_QUERY,0.68595815
youll get a call from doubletake but it could be another party inviteyou never know with us,Fri May 22 07:46:04 PDT 2009,TalonNYC,2,NO_QUERY,0.64955723
had mammoth bitching sesh at work its good for me,Tue Jun 02 00:06:10 PDT 2009,brypie,2,NO_QUERY,0.688937
i kno girl i need to get to a comp asap lol so u gon work on gettin me that sig pweez,Sat May 02 23:03:51 PDT 2009,La_Bella_Vita22,0,NO_QUERY,0.6737995
hmmm i can smell thal yummo smell ryt nw guess its ready to be tuck in oledy,Sun Jun 07 06:05:20 PDT 2009,KeziaLyla,2,NO_QUERY,0.64929366
o i tried all of them like seconds after you put them up im neverr getting one,Thu Jun 18 15:44:28 PDT 2009,bennasher,0,NO_QUERY,0.6868108
interesting seems as if usage is intense i dont consider mbmonth a lot though maybe the govt needs a bigger pipe,Sun May 31 01:39:41 PDT 2009,lfkrebs,2,NO_QUERY,0.6970771
its a shame coz its not her fault your mums lovely shed never do anything to deliberatly hurt anyone xx,Sat Jun 06 14:02:53 PDT 2009,JessMcFlyxxx,0,NO_QUERY,0.6245122
i dont think it took as well as loreal brasilia but then brasilia makes me look emo,Sat Apr 18 07:46:24 PDT 2009,lollipop26,2,NO_QUERY,0.6966489
firstrecord it was either shaun cassidy or leif garrett on vinyl i still have them,Fri May 22 06:01:00 PDT 2009,cubiclequeen,2,NO_QUERY,0.6876559
in seattlehate the weather,Tue Jun 23 11:05:04 PDT 2009,dccannady,0,NO_QUERY,0.6773635
we need another kemp right about now,Sun May 03 19:51:36 PDT 2009,tericee,0,NO_QUERY,0.6918483
quotfrom my lungs to yours from your mouth to minequot sometimes i wish i can write beautiful lyrics like he does goodnight,Sat May 02 07:53:00 PDT 2009,Ashmrx,2,NO_QUERY,0.6917609
but ive done it when i was little but they need to pay me haha maybe i was or then,Sun May 17 23:30:22 PDT 2009,magh,2,NO_QUERY,0.6978986
grr gt french exam then math right after science exam friday then summer,Mon Jun 15 05:19:34 PDT 2009,MusicISmyLOVER,0,NO_QUERY,0.68602455
assignment assignment assignment trackle,Mon Jun 22 17:11:30 PDT 2009,Janani2109,0,NO_QUERY,0.6870394
it wouldnt be isihac without jeremy quotattemptingquot one song to the tune of another or murdering pick up song,Tue Jun 16 01:58:38 PDT 2009,mittfh,2,NO_QUERY,0.65406
guess ill make coffee and a frickin quilt if i cant sleep,Sat May 30 03:58:56 PDT 2009,honeybeehill,0,NO_QUERY,0.69398594
i love fridayscuz its mo money in the bank on my way there right now,Fri May 29 12:39:43 PDT 2009,bsmoove,2,NO_QUERY,0.6038704
i wanna goooo have a meeting right now though would ya believe,Thu Jun 04 22:32:33 PDT 2009,AntoinetteTaus,0,NO_QUERY,0.6893693
today ended up being a wonderful day outside i did some weeding weeds are like bills they keep coming back,Sat Jun 06 16:00:10 PDT 2009,Brandy52501,0,NO_QUERY,0.6417124
baking cookies for my last day at forever,Sat Jun 20 08:47:01 PDT 2009,Bri10any25,0,NO_QUERY,0.6073981
or maybe it was there,Sun May 03 17:44:26 PDT 2009,craigsutton,2,NO_QUERY,0.6909505
lol yeahgot me there i guess i just need a crown lol,Sun May 03 21:31:41 PDT 2009,polymerclaygal,2,NO_QUERY,0.6860359
i think the only place you can find them is ebay,Thu Jun 18 17:25:03 PDT 2009,Djcheapshot,0,NO_QUERY,0.6712005
thanxxx now with that message i just wanna leave bye,Fri May 29 15:36:09 PDT 2009,x3Lovebug,0,NO_QUERY,0.6404058
lol there r a few birds on twitter but more dogs than anythingother than humans that is lol,Sun May 31 00:11:22 PDT 2009,redrobinrockn,2,NO_QUERY,0.65750843
if by tipping correctly you mean not tipping then yes i refuse to pay someone to fill my car up hurry up and get to msp,Mon Jun 01 17:54:24 PDT 2009,KeithAtDarden,2,NO_QUERY,0.67858076
lol i miss la as well take mw back with you lt,Tue Jun 02 02:16:43 PDT 2009,Sara_aleissa,0,NO_QUERY,0.60708684
oops not at all youre in my top faves for sure stillearlynotenoughcoffeeyet,Wed Jun 03 07:16:36 PDT 2009,suedecrush,2,NO_QUERY,0.62525773
yet another baby shower today,Sun Jun 07 10:29:50 PDT 2009,the_Andrea,2,NO_QUERY,0.62677944
please give me money,Mon Jun 15 00:04:17 PDT 2009,tintin_nav,2,NO_QUERY,0.68427044
well its saturday i bet you want your daily pic then hmmm from the movie cold and dark,Sat Jun 06 05:32:50 PDT 2009,LukeGossForum,2,NO_QUERY,0.6776861
a not fair bet its brilliant too saw loads of ads for it before i left always meant to book flights and go back for it,Wed Jun 17 11:23:53 PDT 2009,Sheenagerrard,0,NO_QUERY,0.6881215
you cant be on sugar mountainor so people tell me,Fri May 29 16:17:31 PDT 2009,jennesaisquois,0,NO_QUERY,0.6322608
is at a party with tons of alcohol but cant drink lame,Fri May 01 20:29:42 PDT 2009,J0rdan88,0,NO_QUERY,0.62460953
aw that sucks it would be awesome if you could get it worked out,Tue Jun 16 15:44:43 PDT 2009,StarChild1981,0,NO_QUERY,0.62343955
lol blog to come up soon im just a little late to the game,Sun May 17 07:07:35 PDT 2009,mikefoong,2,NO_QUERY,0.63259494
yes it was not so bad after all glass half full much,Sun Jun 07 00:35:40 PDT 2009,ellearpon,2,NO_QUERY,0.6155196
just had the best dream ever why oh why did i have to wake up hehe,Sat Jun 06 20:59:41 PDT 2009,sherlenexoxoxo,0,NO_QUERY,0.6492381
that certainly flew by didnt it,Mon Jun 01 09:13:30 PDT 2009,MatchesMalone,2,NO_QUERY,0.61522603
i think we needs to talk about what we needs ta do with teh camera,Mon Jun 01 19:36:24 PDT 2009,WayneRockwood,2,NO_QUERY,0.61297786
ego so strong i must admit i have every reason to feel like im that chic,Mon Jun 15 13:29:47 PDT 2009,CUTee864,2,NO_QUERY,0.69581866
so close to friday hopefully i can continue to stage off this sickness,Thu Jun 18 07:05:04 PDT 2009,WhitneySones,0,NO_QUERY,0.67460203
oh thats nice so your writing goes well i didnt write anything this weekend only the unfinished haiku i sent you,Mon Jun 01 02:12:01 PDT 2009,magnusholmgren,2,NO_QUERY,0.6591449
where are you going erin,Mon Jun 01 15:39:17 PDT 2009,Equanimity_,0,NO_QUERY,0.6735116
run was great thanks is very windy today so bike ride not an option this morning,Mon Apr 06 23:47:49 PDT 2009,MyAppleStuff,0,NO_QUERY,0.6429589
yeah i know huh,Wed Jun 17 23:09:52 PDT 2009,RONradish,0,NO_QUERY,0.67568743
get better hope you didnt have allergic reaction,Tue Jun 16 05:56:06 PDT 2009,ianeyecan,0,NO_QUERY,0.6664942
want to help me make chocolate covered strawberries tonight om nom nom,Mon Jun 15 04:48:29 PDT 2009,krissyrausch,2,NO_QUERY,0.600938
oh and i wont be at the step shopw sat either hey when will i see you again,Tue Jun 16 13:46:02 PDT 2009,daddyzyaya,0,NO_QUERY,0.63464
this new laptop is a little weird,Mon Jun 15 10:37:27 PDT 2009,mmayy,2,NO_QUERY,0.68481076
gud what it do our lil convo earlier made me not sleep,Sat Jun 20 22:54:02 PDT 2009,nigelhove,0,NO_QUERY,0.60055274
last night was fun going out to hang with the friends days left of school,Sun May 31 14:35:15 PDT 2009,iJujuBaba,2,NO_QUERY,0.6006893
quotfinally dont allow any mobile device beyond your bedroom doorquot hahahahahaha der har jeg visst syndet massivt,Mon Jun 15 11:28:16 PDT 2009,hammershaug,2,NO_QUERY,0.6685238
hey how are you i gotta go to the vet soonshe isnt doing very good i gotta get my dogs vaccinated x,Mon Jun 15 21:43:01 PDT 2009,aussiemcflyfan,0,NO_QUERY,0.65039843
whats going on,Sun Apr 19 01:59:53 PDT 2009,luciacardozo,0,NO_QUERY,0.68210435
thanks am trying keeping my chin up ouch,Mon May 04 03:33:16 PDT 2009,lunarnart,2,NO_QUERY,0.67422724
days to go,Tue Jun 02 03:41:48 PDT 2009,badwulfstudio,2,NO_QUERY,0.69224447
i miss going to the club in nyc good times,Thu Jun 18 21:30:30 PDT 2009,atvm,0,NO_QUERY,0.6888604
its a good day to be a paguyo my cousin just had her first mall show for her collection shes the only reason i know im not adopted,Mon Jun 01 10:48:18 PDT 2009,dorothyxjoy,2,NO_QUERY,0.61756504
crazy d,Sun May 31 01:52:34 PDT 2009,vika_,2,NO_QUERY,0.6029781
tidur lagi youre lucky you dont have school tmrw,Sun Jun 07 09:05:49 PDT 2009,beebeebuthainah,0,NO_QUERY,0.6504107
english test tomorrow yuck,Sun May 10 04:55:42 PDT 2009,Sofiai8,0,NO_QUERY,0.6841023
ilymore babe i thought bout you and how you walked from riverwood to my job just for me two yrs ago ahhh come home asap,Fri Jun 05 12:24:21 PDT 2009,meezieme,2,NO_QUERY,0.6626148
yo said her grace before her appetizer aaaand her entre i barely said it once i felt like such a sinner,Sat Jun 20 20:47:27 PDT 2009,ihavesuperpower,0,NO_QUERY,0.68998253
i think i miht walk over to macs to get a froster mmmmm yea i think i might di that,Sat May 30 18:22:21 PDT 2009,egdirgomhcirsXe,2,NO_QUERY,0.6200751
evil seductress now that doesnt sound compliment to me,Thu May 14 04:42:11 PDT 2009,sinfulsignorita,0,NO_QUERY,0.6821965
morning all decision on what to do made for me by the peeing rain in sheffield stay in bed it is then,Sun May 03 01:56:16 PDT 2009,Dizzydalek,2,NO_QUERY,0.6562822
clobbered on thehead with quot x ouch no good may need stiches stupidaccident,Fri Jun 19 12:33:26 PDT 2009,davidt_50,0,NO_QUERY,0.6263262
bored bored bored someone entertain me pleaseee,Sat Jun 20 06:30:26 PDT 2009,luvsrachel,0,NO_QUERY,0.6897758
just waiting to get picked up at the train station by my bro and then off to the gym cant believe i bumped someone last night,Fri May 29 10:43:28 PDT 2009,ssizer,0,NO_QUERY,0.6899674
kinda like that eerie feeling that someones following you hahacouldnt resist,Mon Jun 01 20:30:58 PDT 2009,kelliekano,2,NO_QUERY,0.682763
just the phone part my mother will not leave me alone about the boy part,Sat May 16 22:58:48 PDT 2009,starprincesss,0,NO_QUERY,0.60477096
the stopped serving breakfast min early burger sliders for breakfast yes really,Mon Jun 15 10:07:45 PDT 2009,djenferno,0,NO_QUERY,0.6800686
and so i go to bed full of happy and slightly disturbing web surfing memories goodnight internets for i must awaken at am for work,Fri May 29 20:22:35 PDT 2009,wandering_geek,0,NO_QUERY,0.62722695
is having drinks with his friends for the last night at home,Fri May 29 20:13:12 PDT 2009,justindriscol,0,NO_QUERY,0.6799098
home from work we went amp had mexican food i brought my leftovers home for lunch tomorrow amp dropped them on the floor,Mon Jun 15 17:57:46 PDT 2009,cookinsforme,0,NO_QUERY,0.661072
aw haha its ok i was wondering where it had got but i thought it was just the post lol ta pics from last night on facebk,Sat May 02 03:11:35 PDT 2009,fruitdance,2,NO_QUERY,0.68579614
congrats but u need to go to sleep hug dont overwork urselfur a busy mom gotta takecare n b good to urself too,Mon Jun 15 05:59:08 PDT 2009,pompom0205,2,NO_QUERY,0.66965663
more revision today,Sun May 03 01:54:49 PDT 2009,FCDaniel,0,NO_QUERY,0.61219513
yes i was still sleep and i only like days off when i dont have cramps lol,Tue Jun 16 12:17:03 PDT 2009,GuttaButta,0,NO_QUERY,0.6705667
haha woke up to tv advert for lottery i funked it was sunday yehar a whole day for free had haircut now i miss it green snakes,Sat Jun 06 03:44:01 PDT 2009,EmjayRobo,0,NO_QUERY,0.6746857
goin to me mums in alicante for days nice little break b uni starts again,Mon Jun 01 05:52:27 PDT 2009,blunderbuss2,2,NO_QUERY,0.6164261
heading to school,Mon Jun 01 03:50:34 PDT 2009,RS_StarGazer,0,NO_QUERY,0.6815387
off to martins apt in about an hour then off again last day of the con starts and then work,Sun May 31 07:21:32 PDT 2009,loris_z,0,NO_QUERY,0.6497859
feeling almost human this morning how rare there are banks of cloud rolling overhead but in the dips the sun shines a little brighter,Thu May 14 01:16:35 PDT 2009,kobinaceous,2,NO_QUERY,0.61344117
is out to bed now the quotboringnessquot day has gotten to me,Tue Jun 16 19:40:46 PDT 2009,MissFey,0,NO_QUERY,0.6944206
if there is wi fi signal at coles ill be able to twitter from work,Mon Apr 20 04:23:57 PDT 2009,dazuleh,2,NO_QUERY,0.6336787
cleaning out foreclosed houses tomorrowgetting paid to sort junk and keep what i want i dare you to try and find a better job,Sun May 31 23:53:30 PDT 2009,photographyae,2,NO_QUERY,0.69066244
fyi guys spoilers are fun and i love them but i honestly dont trust them until i see it on the screen,Mon Jun 01 18:46:41 PDT 2009,GH_Unleashed,2,NO_QUERY,0.61591315
just woke up from a hour nap i think its time to really go to sleep holocaust museum in the morn,Sun May 17 00:05:21 PDT 2009,keeeee_sha,2,NO_QUERY,0.64902794
mandatory bbq today due to nice weather,Sun May 31 00:57:24 PDT 2009,richo1973,2,NO_QUERY,0.6985154
lol im working now anyways,Sun Jun 21 08:44:26 PDT 2009,ksh6379,0,NO_QUERY,0.63195616
the disk is scratched i love my transformers disk who scratched it lol,Mon Jun 01 22:54:15 PDT 2009,JLOYO,0,NO_QUERY,0.6352556
working add oil,Tue Jun 02 22:25:12 PDT 2009,JeffreyNam,2,NO_QUERY,0.6487193
enjoying a splitting headache while weaning off coffeecaffeine down to one or two cups of green tea a day feel like tetsuo somehow,Mon May 18 03:15:40 PDT 2009,dmclean635,2,NO_QUERY,0.61652875
chillin wassup ma ayo in cali my day just started idk where u r but u have a gud day ya diggg,Mon May 04 07:35:16 PDT 2009,youngnatho,2,NO_QUERY,0.69433796
been there it sucks hope you feel better maybe if you kill some murlocs youll feel better,Thu May 14 04:30:16 PDT 2009,RacquelN,0,NO_QUERY,0.6504352
i think im obsessed with peter i dont think its that noticable though lol or maybe it is my mumdads going to carlisle on july d,Mon Jun 15 07:16:50 PDT 2009,niccccolle,0,NO_QUERY,0.69524366
nooooo im having julez withdrawals but thats fair im otw to mw on myscooter wooot woooot lmao,Wed Jun 17 17:00:55 PDT 2009,IBtres,0,NO_QUERY,0.6285881
bedtime one day left in grove,Fri Jun 19 23:02:55 PDT 2009,moemathia,0,NO_QUERY,0.619451
thats why were best friends,Sun Jun 07 09:20:59 PDT 2009,Clizzzaire,2,NO_QUERY,0.6340077
just told the spouse goodby now off to work,Thu May 14 06:32:58 PDT 2009,kristin1990,0,NO_QUERY,0.63309836
im from vietnam,Fri May 22 02:26:48 PDT 2009,violetarchie,2,NO_QUERY,0.6119458
hey whats your email i dont feel the love either souljaboytellem live gt,Sun May 31 13:26:47 PDT 2009,disneygirl92,0,NO_QUERY,0.67158175
seems like more than one sometimes,Mon Apr 20 00:36:03 PDT 2009,willtompsett,0,NO_QUERY,0.6982959
time for bed again,Sun May 03 16:59:04 PDT 2009,IanMcGuigan,2,NO_QUERY,0.6857035
no it takes a few days for the ga board to give us license syou will discover in due time how inefficient the ga board is,Wed Jun 17 08:16:55 PDT 2009,DrGray10,0,NO_QUERY,0.67156863
week of my beach body work out with billy blanks i slacked off for days,Sat May 30 11:18:18 PDT 2009,l3abyl3o0,0,NO_QUERY,0.6417693
we already bbqd but thx the invite big d,Sun Jun 07 18:32:54 PDT 2009,Questita,2,NO_QUERY,0.60784125
nap time remember day off means day off even though ive gotten two phone calls and one email work related,Mon Jun 01 14:20:23 PDT 2009,Taraj,0,NO_QUERY,0.6173761
okaaaaaaaaaay sorry for my lack of tweets had a busy weekend anyways getting ready for school till,Sun May 17 22:42:45 PDT 2009,xxjzAnna,0,NO_QUERY,0.65488625
so rant all u wantit feels good to let it outbut keep moving forward amp look back every so often to c how far uve come,Sun Jun 07 06:21:12 PDT 2009,thedrumlife,2,NO_QUERY,0.66623497
monday again,Mon Jun 15 01:29:46 PDT 2009,Donbonw,0,NO_QUERY,0.6457989
my mommys today,Fri May 22 03:05:46 PDT 2009,Zionamethyst,2,NO_QUERY,0.6746279
ahh the kitty is following me againmy morning is complete,Wed Jun 03 01:58:23 PDT 2009,naomijlea,2,NO_QUERY,0.60633516
another high pollen count day today,Tue Jun 16 01:15:43 PDT 2009,MarcPaulina,0,NO_QUERY,0.6269585
oh have you ever blocked quotmy horny kittyquot i keep blocking them they dont go away,Wed Jun 03 04:49:37 PDT 2009,SallytheShizzle,0,NO_QUERY,0.6056864
should goto college again now lab timings feeling sleepy take care twitter,Mon Apr 20 00:35:31 PDT 2009,technotip,0,NO_QUERY,0.6837684
my fuel rail works and my injector calibration went well its an alcohol related afternoon fuel injector calibration with ethanol,Tue Jun 02 04:21:39 PDT 2009,ben_waters,2,NO_QUERY,0.61102176
a flurry of tweets and then it all goes quiet,Wed Jun 03 06:50:07 PDT 2009,korbz,0,NO_QUERY,0.68682355
that was an amazing game i have to miss saturday cuz of a wedding though i will be on as much as i can,Mon Jun 01 21:30:08 PDT 2009,JBHuskers,0,NO_QUERY,0.6095783
will probably start updating this thing more now that absolutely nothing is going on in my life facebook status updates per day lame,Tue Jun 16 23:26:40 PDT 2009,ilovelotr,0,NO_QUERY,0.62400806
if only i could fast forward a few years to when im already a special ed teacher,Fri May 29 16:22:38 PDT 2009,TheJessicaGrace,2,NO_QUERY,0.68399
i got on my maths exam hard to believe but thats an improvement,Tue Jun 16 00:06:30 PDT 2009,MadiisonRiot,2,NO_QUERY,0.6619575
do i detect a theme here,Sat Jun 06 10:47:31 PDT 2009,ddtannenbaum,2,NO_QUERY,0.6981675
i know why would people make fun of others,Mon Jun 01 10:37:33 PDT 2009,mlugia,0,NO_QUERY,0.64935994
full going to read and sleep and eat some more and just sleep some more then homework,Sun May 17 11:42:59 PDT 2009,shioribbery,0,NO_QUERY,0.6981064
adviser nila,Sat Jun 06 06:13:15 PDT 2009,jamz02,2,NO_QUERY,0.6840808
were just spending time with our families this summer we plan on going back west when we get sick of them,Mon Jun 15 16:41:13 PDT 2009,nataliesousa,2,NO_QUERY,0.6929923
hope it gets better soon,Sun Jun 14 14:33:19 PDT 2009,ayerad,0,NO_QUERY,0.6876237
not a clue im afraid im doubting that one exists given the prevalence of downloading things these days,Sat Jun 06 10:58:20 PDT 2009,chrimble,0,NO_QUERY,0.68860054
i want a smoothie ill settle the freddys location i guess,Sat May 30 10:14:26 PDT 2009,Crudsbigsis,0,NO_QUERY,0.6858003
gotta walk to the bus stop today gonna go if you only knew by savanah,Tue Apr 21 04:06:43 PDT 2009,cindyegomez,2,NO_QUERY,0.6952802
mine only in half a month time where r u now,Wed Jun 17 20:05:31 PDT 2009,stiucsib86,0,NO_QUERY,0.6971395
that sounds like what i call badges then no sorry but in primary school we had this cool pressing thing that did,Mon Jun 01 22:21:42 PDT 2009,calrion,2,NO_QUERY,0.6708616
sitting feet are in pain from concertbut it was worth it,Thu Jun 18 21:10:00 PDT 2009,carxcrashxheart,0,NO_QUERY,0.6413785
see just changed my picture,Mon Apr 20 07:20:06 PDT 2009,nikkisaarsteine,2,NO_QUERY,0.69155663
craving the smell of the vaccum trying to fill that craving with something else any ideas,Thu Jun 18 05:15:18 PDT 2009,PipianaD,0,NO_QUERY,0.68723124
last ballroom class of the semester was today and it was great cant believe john is at hotel right now grr i always find out too late,Sun Jun 14 23:28:15 PDT 2009,MiChiamoElle,0,NO_QUERY,0.65738094
dont you reply to your emails,Mon Jun 01 18:24:19 PDT 2009,ilanacharnelle,0,NO_QUERY,0.6854038
in the house chillin about to go sumwhere with my bff its boring,Tue Jun 16 11:03:25 PDT 2009,Littl3_y0,0,NO_QUERY,0.67465174
on way home to glorious leeds london was nice though gonna miss the hugz,Sun Apr 19 04:18:51 PDT 2009,lukebarker,0,NO_QUERY,0.65547645
im practicing guitar got a lesson this wednesday i need to find a uke teacher,Mon Jun 01 23:24:10 PDT 2009,Corgi658,0,NO_QUERY,0.6392851
for some reasn i didnt get your tweet today sent to my phonebummer but yeah i edited and am almost done for now,Tue Jun 16 10:15:29 PDT 2009,kenny912,0,NO_QUERY,0.6701958
that isnt ghetto thats called parenting,Sat May 30 04:17:57 PDT 2009,loveyou74,2,NO_QUERY,0.65005094
i hope you win the mr twitter universe to cheer you up its not looking likely though xx,Sun Jun 07 17:35:14 PDT 2009,McFly_Mad,0,NO_QUERY,0.65672874
im starting to get pretty jealous of frank iero i hav never asked me to marry u d,Tue Jun 02 21:36:56 PDT 2009,chemicalguy,0,NO_QUERY,0.6939094
day off grrrrr,Sun Jun 21 09:36:03 PDT 2009,MsCherrylicious,0,NO_QUERY,0.68497074
listening to its america by rodney atkins now its ending,Fri Jun 19 08:47:00 PDT 2009,elishamae94,0,NO_QUERY,0.6940429
mines still in stock waiting to be dispatched,Thu May 14 04:26:13 PDT 2009,Lillybef,0,NO_QUERY,0.697091
thank the stars ie is dead hopefully they pick webkit and join the crowd microsoft has a serious case of nih,Sun May 31 18:59:07 PDT 2009,Rocky1138,2,NO_QUERY,0.69485235
going to the drs at,Thu Jun 25 06:06:53 PDT 2009,ChrisLanktree,0,NO_QUERY,0.66764176
what thats shit you dont deserve to get trapped in such a situation,Sat May 30 08:30:09 PDT 2009,Harukio,0,NO_QUERY,0.60629445
just arrived at my dads work so fun when im here,Sun Jun 07 05:04:54 PDT 2009,music347,2,NO_QUERY,0.6933547
how come i never seen that,Sat May 30 21:23:58 PDT 2009,megzpoo,0,NO_QUERY,0.6508794
got itjames blunt,Sun May 31 01:23:41 PDT 2009,mudville100,2,NO_QUERY,0.60908324
i have a feeling youre probably not alone in ruining your feet from high heels,Mon Jun 01 04:59:32 PDT 2009,DrRus,0,NO_QUERY,0.6634762
you are making me jealous i know nothing about college yet,Thu Jun 18 21:11:58 PDT 2009,danifrancisco,0,NO_QUERY,0.6342336
well im used to cst but right now im on pst so it feels like there are extra hours in my day lol,Mon Jun 15 11:47:31 PDT 2009,trelaina,0,NO_QUERY,0.6494732
im a little tired dont know why maybe im coming down with something,Tue May 26 21:50:43 PDT 2009,faded_girl,0,NO_QUERY,0.6389507
im getting close maybe a couple more days and i will have it or several more inches but that will never happen,Sat Apr 18 21:54:42 PDT 2009,bobhorne,0,NO_QUERY,0.6275393
mk bedtime lt my christopher,Sat May 30 21:47:26 PDT 2009,loved_by_elyon,2,NO_QUERY,0.686805
smooches to ya too,Sat May 02 07:52:53 PDT 2009,DannyGirlAlways,2,NO_QUERY,0.60024935
going to get my laser eye treatment in a while no more glasses or contacts good times,Mon Jun 15 00:34:20 PDT 2009,BhavinK,2,NO_QUERY,0.6452638
today i skip the gym and now my belly are bubly,Sun Jun 07 03:40:39 PDT 2009,edwin_surijah,0,NO_QUERY,0.6677355
i would if only i could,Tue Jun 02 23:46:59 PDT 2009,kanika14,0,NO_QUERY,0.69658744
is back on twitterdoing uni work finish uni this week woop x,Mon May 18 05:21:17 PDT 2009,helzybelzy,2,NO_QUERY,0.6541109
your a player yeah its true i hate you so much i seriously do your in my headdd,Sat May 02 05:56:13 PDT 2009,dindahh,0,NO_QUERY,0.68032527
this background sucks but ill change it later i hav to study,Sun Jun 07 14:58:39 PDT 2009,LiloLover,0,NO_QUERY,0.6110114
youre my star childhood why dont you come to perform in israel,Sat May 30 00:05:59 PDT 2009,aviamos,0,NO_QUERY,0.6754546
storm was pretty big last night dont forget to tune in throughout your work day you know what to do,Tue Jun 02 05:20:13 PDT 2009,WXXC_Radio,2,NO_QUERY,0.676932
my season three oth rant why would peyton still have feelings for lucas if someone as amazing as jake loved her the way he did,Sun May 31 00:09:37 PDT 2009,jaleesaa,0,NO_QUERY,0.636035
no it didnt hurt when i done it but now it feels like i have had it redone again,Sat Jun 06 03:15:56 PDT 2009,ShanteC,0,NO_QUERY,0.6261668
yes im tweeting like a mofo i only did about or all day yesterday so catching up,Sun May 17 03:46:24 PDT 2009,jimmyaquino,2,NO_QUERY,0.62806314
just looked in the mirror been workin out amp dietting heavy lately loovvinn the results,Fri May 29 22:10:17 PDT 2009,kimmie_tweets,2,NO_QUERY,0.6897644
thanks man the guy is definitely paying for everything he wasnt a dick at all so i cant h but ill still regul,Sun May 10 21:02:04 PDT 2009,cjbxz,2,NO_QUERY,0.6591212
im sorry feel better if you ever need to talk dont hesitate huge hug,Thu Jun 18 08:58:31 PDT 2009,xpaintedheartsx,0,NO_QUERY,0.6246854
havent put on mascara or eyeliner in four daystheres no point,Sun May 31 09:19:23 PDT 2009,salinisalazini,0,NO_QUERY,0.6746412
aff tae bed gnight all,Sun Jun 07 16:09:00 PDT 2009,softthistle,2,NO_QUERY,0.69708526
if i were there i would be on that,Sat Jun 06 20:08:33 PDT 2009,ruthlessrocks,2,NO_QUERY,0.63609624
whats up with the new mbps having only sata and not sata ii for their hd,Tue Jun 16 21:09:27 PDT 2009,usher,0,NO_QUERY,0.60249
this is so not like any event youd expect apple to put on im not saying apple would do it better necessarily just different,Tue Jun 02 05:08:20 PDT 2009,mnystedt,2,NO_QUERY,0.6778436
if you dont need it why have it good to hear far too many people attached to their cars wish we had public transport here,Sat May 02 02:37:42 PDT 2009,smiffytech,0,NO_QUERY,0.6577771
finallytryingto download evernote on my bberry unfortunately needto use bberry app store which cantfind it when i search,Thu May 28 22:41:13 PDT 2009,BelleDessy,0,NO_QUERY,0.6706859
natthiiiiiiiiiiiiiiiiiiiiiiiiiiiiiiiiiiiiiiiiii,Sat Jun 06 13:14:54 PDT 2009,Turur,2,NO_QUERY,0.6822723
well sorry we like to keep him around bc hes cute,Mon Jun 01 10:18:31 PDT 2009,critical_sass,2,NO_QUERY,0.6621121
almost finished only have to build up some more in my room xbox music,Mon Jun 01 01:28:27 PDT 2009,dzs_Gamefan,2,NO_QUERY,0.68547064
ok must do a few choresbe back later,Sun May 31 13:08:35 PDT 2009,Candy73,2,NO_QUERY,0.68464774
she has one that has these gorgeous golden eyesi want to hold one,Tue Jun 02 14:56:24 PDT 2009,DragonflyeDream,2,NO_QUERY,0.6159617
its almost amshould get some sleep now,Sat Jun 06 15:46:35 PDT 2009,ttuah,2,NO_QUERY,0.63122904
my friend rachel swears by beans shes pregnant a lot and eating beans keeps her from hurling,Fri Jun 05 17:29:31 PDT 2009,inaframe,2,NO_QUERY,0.6864426
i dont know they live their own life lol,Wed Jun 03 00:47:49 PDT 2009,UglyDani,2,NO_QUERY,0.69416714
if i could see straight id be there,Sun May 31 03:16:29 PDT 2009,rdy2freefall,2,NO_QUERY,0.60594106
i am the empitome of epic fail just you know more epic than fail,Sun May 10 02:43:02 PDT 2009,zuppalizzle,2,NO_QUERY,0.6902664
need to go to shop so i might just do that im meant to be doing some filming at so really need to shake the hangover asap,Tue Jun 16 05:06:08 PDT 2009,byronelliott,0,NO_QUERY,0.67032796
me too,Sat May 30 11:22:10 PDT 2009,buffywoo,0,NO_QUERY,0.69429684
forgot to announce on here that im engaged too many places to announce it now but my fianc is pretty rockin,Mon May 18 05:37:14 PDT 2009,EmEddleman,2,NO_QUERY,0.61474556
ah one more final,Mon Jun 15 15:09:43 PDT 2009,tooooorri,2,NO_QUERY,0.6895522
is going to high wycombe today to see colour live for quite possibly the very last time,Sun Jun 21 05:48:52 PDT 2009,starsie,0,NO_QUERY,0.6637255
about to play capture the flag and forgetting you,Sun May 31 18:14:30 PDT 2009,ohceecee,2,NO_QUERY,0.68191934
you lucky freaking i wanna be on a boat,Fri Jun 19 10:36:45 PDT 2009,infiniteavarice,0,NO_QUERY,0.6236585
cleaning,Fri May 29 09:09:19 PDT 2009,taylor_bsstt,0,NO_QUERY,0.65270734
yesyou know degrees take time and hardwork is involved your passing the tests,Sun May 31 14:35:06 PDT 2009,Bball4life,2,NO_QUERY,0.68844354
nicei think it rained for seconds down here today,Tue Jun 23 17:17:09 PDT 2009,michaelherald,0,NO_QUERY,0.67550886
it was just one of those nights that everyone was on the same quotfunquot train the dance floor was packed each song so good you couldnt sit,Sun Apr 19 07:59:34 PDT 2009,LindaSusanE,2,NO_QUERY,0.67883193
fk drop by topseoscom,Sun Jun 07 00:40:11 PDT 2009,webwoke,0,NO_QUERY,0.6865014
wat a coincidence jus went onto ur page and saw da comment lol im only dyin it brown lol nofin extreme jus to luk diff,Sun May 31 15:43:53 PDT 2009,PaulHeylin,2,NO_QUERY,0.67847985
that usb charger thing isnt the most eyecatching thing is it,Mon Jun 01 05:29:51 PDT 2009,plasmadog,2,NO_QUERY,0.6893324
love this tune and fuck study asot,Sun Apr 19 02:17:44 PDT 2009,SaBer011,2,NO_QUERY,0.6238824
fruitie dearhow u tweetweet on ur ei cannot letell me tell me le under installation in our phone is it thanks,Sat Apr 18 09:46:55 PDT 2009,lomobabes,2,NO_QUERY,0.6608638
i saw it today i saw your tweet as soon as i returned from the cinema it is good but many book details are skipped,Thu Jun 18 04:08:44 PDT 2009,crystalunicorn,0,NO_QUERY,0.69320625
hahah aw well at my school almost all seniors have perfect attendance cause thats the only way we can be exempt from exams,Sat Jun 06 14:12:53 PDT 2009,EmAllTimeLow,0,NO_QUERY,0.69350135
nicole is ur still on i want to go to short stack but if u and gab wanna go by urselvs thats completely fine,Fri May 22 02:47:30 PDT 2009,maddy_stargirl,2,NO_QUERY,0.6957669
oh you just wait for the first dmfail priceless,Fri May 01 21:25:44 PDT 2009,TidyCat,2,NO_QUERY,0.6754179
mmm scream trilogy i think so,Sun May 10 06:53:31 PDT 2009,JJAnistonFan,2,NO_QUERY,0.6154362
i dunno if your being racist or dumb,Sat Jun 06 11:21:11 PDT 2009,MightyMike419,0,NO_QUERY,0.6735712
ficou bom,Sun Jun 07 05:38:38 PDT 2009,colorful_dreams,2,NO_QUERY,0.6348684
i would never beat you up i love u too much will u have my babies can we get married where do u live hahha,Tue Jun 02 00:52:08 PDT 2009,rockchick2k,2,NO_QUERY,0.62650037
ahhh brokencydes cd comes out tommorrow,Mon Jun 15 12:10:56 PDT 2009,nikkieo,2,NO_QUERY,0.68500245
sorrystill a chance,Tue Jun 02 16:05:55 PDT 2009,PaulPoteet,0,NO_QUERY,0.67957145
u never got back to me about the internshipjob thing and you never said if you liked the banner i made ac,Thu Jun 18 00:54:19 PDT 2009,chlon2005,0,NO_QUERY,0.69041705
hahah ive been dying for one of those slushies for years but ive come to the conclusion that sonic is not a real place,Tue May 26 22:23:14 PDT 2009,Sloaneyyy,0,NO_QUERY,0.6794344
home from school out tonight probably not,Fri May 29 11:59:30 PDT 2009,brittanycormier,0,NO_QUERY,0.63269126
work but not complaining,Fri May 22 01:50:44 PDT 2009,romainfrancois,2,NO_QUERY,0.6907029
my long unflatironed hair is expandingit is getting bigger,Fri Jun 19 15:21:04 PDT 2009,Socallmelovely,0,NO_QUERY,0.6793877
just got home today was fun i ate too much haha,Sat Jun 06 23:09:32 PDT 2009,ShelbyCobraaa,2,NO_QUERY,0.6339035
going to watch da cricket today cnt wait,Sun Jun 07 02:00:10 PDT 2009,allaboutcricket,2,NO_QUERY,0.66034883
im working a double,Sat May 30 11:31:52 PDT 2009,trafficcones,0,NO_QUERY,0.6994175
home with the flu ahhh suxz well and tired will go to sleep in about an hour or so goodnites,Tue Apr 07 00:46:54 PDT 2009,Jizzel09,0,NO_QUERY,0.6922986
you guys must have done that friday when i wasnt there anything i should know for the final,Mon Jun 01 16:01:25 PDT 2009,JitteryBarista,2,NO_QUERY,0.678195
that is for you to know thats not my problem i sleep now,Sun Apr 19 01:02:34 PDT 2009,kremlinologist,2,NO_QUERY,0.6291267
yasmina has the nicer box gt amp you havent got around to commenting on the choc package yet either,Sun Jun 07 13:25:34 PDT 2009,rachaelblogs,2,NO_QUERY,0.63542527
lolz i duno what im gona call it tho,Sun May 31 13:36:55 PDT 2009,iyaitssuzanne,2,NO_QUERY,0.6886189
it is amazing i just dont have too many friends who like him haha,Mon Jun 01 16:44:25 PDT 2009,JimmyLang,0,NO_QUERY,0.68512547
tbh i dnt know xd could be moro could be nxt month haha when eva it is im gunna be waiting,Sat May 30 04:17:52 PDT 2009,Abii_BWS_PMG,2,NO_QUERY,0.69533426
ebay will be my downfall,Mon Jun 15 18:26:05 PDT 2009,thenbobbiesaid,0,NO_QUERY,0.6082917
ohh nooo your bullying me again lmfaoo yes ii love everyone including ugly ppl lol,Sat Jun 20 21:10:48 PDT 2009,breeziibabyax3,0,NO_QUERY,0.68037444
pepsi all the way kim but i did like vanilla pepsi before they stopped making it,Sat Jun 20 23:05:06 PDT 2009,MatchGame67,0,NO_QUERY,0.6350647
saturday nite n home bored but yay footy monday hopefully shane woewodin is gunna b there,Sat Jun 06 06:23:09 PDT 2009,kindy_franklin,2,NO_QUERY,0.6385775
i got all excited coz is following me then i realized she follows a lot of people i want tickets for her concert though,Sat Apr 18 16:52:33 PDT 2009,ellebannana,0,NO_QUERY,0.6960983
ahhhhhhhhh how the fuck do u do fractions,Mon Jun 15 16:43:22 PDT 2009,Kate_Arnold,0,NO_QUERY,0.6623529
driving home again,Wed Jun 17 19:35:10 PDT 2009,haileyszpila,0,NO_QUERY,0.6735644
is going to bedwishing i was sober to see someone lol next time,Sat Jun 06 02:25:48 PDT 2009,jvegasrocks,2,NO_QUERY,0.6530844
im the muthafuckin dynamo of volition wait nevermind thats not me,Sat Jun 06 16:24:46 PDT 2009,aujyauj,0,NO_QUERY,0.6835785
you never tweet me,Sun Jun 07 20:58:12 PDT 2009,kandaka_long,0,NO_QUERY,0.6932136
im soooo bored just watching come dine with me the scots accent sounds daft on the telly,Sat Jun 20 08:14:19 PDT 2009,x__claireyy__x,0,NO_QUERY,0.63273585
i cant believe conner is about to graduate,Sun May 31 19:04:19 PDT 2009,abigailbrookee,0,NO_QUERY,0.6390525
boooo pasini x yeah bati goooo nicky,Sun May 31 04:33:05 PDT 2009,msinvisible,2,NO_QUERY,0.67647636
thank u the plan is go work amp it looks lk a late nite nonetheless im blessed c another year,Mon May 18 05:17:37 PDT 2009,alpha1736,2,NO_QUERY,0.6321658
happy birthday im sorry we couldnt spend time together today i love you xoxxoo,Sun May 03 21:46:36 PDT 2009,britto819,0,NO_QUERY,0.6195369
shitty seats for wolverine it was still okay though not too fond of prequels in the first place,Sat May 02 01:17:30 PDT 2009,alisagomi,0,NO_QUERY,0.68423975
mayor meltdown work day left and pretty sure i wont return need a break from everyone and everything wanna b happy againthats all,Mon May 04 05:23:09 PDT 2009,LilMissMadde,0,NO_QUERY,0.6431401
youuu look adorbs im lying down too,Mon Jun 15 14:18:59 PDT 2009,karamarzilli,0,NO_QUERY,0.6965817
hello towny received your dm i cant believe it that a gokester would hate danny,Fri Jun 05 23:57:14 PDT 2009,chelzmae,2,NO_QUERY,0.6916441
although i have another more locally focused blog post cooking up might leave that for a little though,Mon Jun 01 14:22:58 PDT 2009,DarrellGoodliff,2,NO_QUERY,0.6733389
bout o nappp my siister housee ii quess or whatever ii thiink shes bout o qet dress nd qo out smh iima be extraaaa boredd,Fri Jun 05 19:34:54 PDT 2009,BiiMa2QKuTe,0,NO_QUERY,0.6098463
well i will be back latter goin to go bead whil the little ones are still asleep,Sun Apr 19 03:53:56 PDT 2009,fantasybeader,2,NO_QUERY,0.6003877
going the hospital soon pretty sacred n dont know that to do with boo,Sat Jun 06 09:00:14 PDT 2009,krazymexigrl253,0,NO_QUERY,0.666908
im so tierd im looking forward to tomorrow ampcarlos hella took care of mesilly me it felt like sunday i took the best shower todaylt,Sun May 17 00:45:50 PDT 2009,ewwJalanis,2,NO_QUERY,0.653918
i tried that already steph,Mon Jun 15 18:43:54 PDT 2009,riverslu,2,NO_QUERY,0.69705176
then again he is from edinburgh,Sun May 31 16:18:10 PDT 2009,mcvane,2,NO_QUERY,0.62406504
back to work today yay hoping to finish the card designs to get them submitted hoping that the weather starts acting more like summer,Mon Jun 01 05:11:22 PDT 2009,KraZJon,0,NO_QUERY,0.6900855
completely exhausted already and i am just now going in for my hour day,Tue Jun 23 09:48:57 PDT 2009,gotmoore,0,NO_QUERY,0.6791515
been rolling diapers for several diaper cakes that i need to get done,Sun May 31 15:27:35 PDT 2009,Amei45,2,NO_QUERY,0.69798744
clueless,Sun May 17 10:14:21 PDT 2009,user47,0,NO_QUERY,0.68682086
well thats if wikipedia was to be trusted census lines up though had to check im like that,Sun Jun 07 02:01:32 PDT 2009,nonsequitir,2,NO_QUERY,0.6731757
goodmorning oh myits super late alreadyhave to work on my thesis all day,Sat Jun 06 01:58:30 PDT 2009,juliaundchicco,0,NO_QUERY,0.6921537
u r slacking but i lovey dovey youuu,Fri Jun 05 13:36:58 PDT 2009,bella_xo,2,NO_QUERY,0.64700544
theyre writing about me,Sat May 30 16:08:16 PDT 2009,CommanderCobra,2,NO_QUERY,0.66846025
its just easier sometimes,Tue Jun 02 07:04:30 PDT 2009,Cavatica,2,NO_QUERY,0.6190113
running the corporate challenge then hitting the beer tent after no school tomorrow bc of sectionals,Thu Jun 04 12:32:07 PDT 2009,jrey0628,2,NO_QUERY,0.69567037
th one was lastnight i was on the computer next to shadows and we were looking at zacky and his quotsyn hairquot haha,Wed Jun 03 10:34:53 PDT 2009,pitasnackk,2,NO_QUERY,0.6417208
i swear i felt a kiss from you when you hugged me earlier lol,Sat Jun 06 01:41:31 PDT 2009,Jocelynxo,2,NO_QUERY,0.69376475
i want to change my picture but it wont let me tear hey now hey now,Mon Jun 01 22:07:04 PDT 2009,Behindthedesk,0,NO_QUERY,0.64863104
drinking ciroc tired,Sat May 09 22:06:36 PDT 2009,Illene24,0,NO_QUERY,0.6582979
yeah i know its back now though i love you sally buster,Sun Jun 07 09:57:41 PDT 2009,nethmii,2,NO_QUERY,0.66149247
wtf am i doing at ikea on a weekend bad plan they are rockin bowie so thats something minus s bowie,Sat May 02 12:37:27 PDT 2009,domo_domo,0,NO_QUERY,0.6455798
theres about of us and we are all cookie monsters,Sat Jun 06 06:53:18 PDT 2009,Zappos_Service,2,NO_QUERY,0.6337522
i have once they claimed they never got my order can u just call them directly,Tue Jun 02 17:57:56 PDT 2009,hobokencat,0,NO_QUERY,0.673957
heya on my dinner now didnt get an extra break but if i wanted to i could have split my dinner up but other than that nothing,Fri May 22 06:35:52 PDT 2009,Naomi_McDonagh,0,NO_QUERY,0.6434643
quotdont worry were from the internets its going to be alright quot,Sun Apr 19 02:17:37 PDT 2009,wildquaker,2,NO_QUERY,0.65495265
feeling yucky tonight think lil boy is too,Thu Jun 18 20:33:30 PDT 2009,Luvdbi,0,NO_QUERY,0.64022076
school today hope it doesnt take all summer to finish,Tue Jun 16 08:07:15 PDT 2009,thesavedm,0,NO_QUERY,0.64236414
michaelr u on a showi havent tuned in d morns on d weekendsif ur on i will tune in let me know zoey,Sat May 30 22:47:39 PDT 2009,zozo1976,2,NO_QUERY,0.6505878
its too warm in hereand tna epics was indeed epic,Sun Jun 07 11:18:53 PDT 2009,RabidRavenette,2,NO_QUERY,0.65887415
have to pull another labs post im getting s wow no wait figured it out you really screwed the earl up badly,Sun May 31 13:26:46 PDT 2009,chukaman,0,NO_QUERY,0.6352873
on my way to school i believe randis on her period right now,Mon May 18 04:33:03 PDT 2009,davidkun,0,NO_QUERY,0.69460577
just relaxing back at work monday after a week off,Sat Jun 20 07:59:19 PDT 2009,sarahlar,0,NO_QUERY,0.6955892
been searching for friends on twitter seems they havent discovered yet been on too same story,Mon Jun 01 04:26:44 PDT 2009,DennisKeen,0,NO_QUERY,0.656777
ahhh okay thats what i thought merci,Sun Jun 07 12:11:55 PDT 2009,ModernDayFire,2,NO_QUERY,0.6894146
awww she was one of my fav singers,Tue Jun 23 13:50:58 PDT 2009,keisha_buchanan,0,NO_QUERY,0.68832356
oh no lol just two one is orange and white and then i have the gray one i posted a pic on tumblr today,Sun May 17 21:27:34 PDT 2009,NinjaPixie83,2,NO_QUERY,0.6626677
omniaaaa i said no to the crackberrryyy time to depart with my flip phone,Tue Apr 07 01:24:46 PDT 2009,junjihee,0,NO_QUERY,0.6716677
has had a really good night ceebs with work tomorrow night x,Sat May 30 16:52:26 PDT 2009,jesswillx,2,NO_QUERY,0.6509274
a hella lot ppl who got ur back u shldnt treat em like shit u wanna unfollow me go on no sweat off my ass cnt blieve u,Fri Jun 05 15:19:32 PDT 2009,angeleyes9397,0,NO_QUERY,0.69529045
have you been in my bedroom lol,Tue Jun 02 06:20:12 PDT 2009,keza34,2,NO_QUERY,0.67906785
thnx now bashing the help out,Sun May 31 18:48:56 PDT 2009,kancrman,2,NO_QUERY,0.6228021
by the way vc consegui postar musica no meme eu no,Mon May 18 00:14:07 PDT 2009,Thata13,0,NO_QUERY,0.6964612
shit i didnt even realize u was tha one i talked to u must be des well at least now we know each other,Sun May 31 08:41:03 PDT 2009,southalves,2,NO_QUERY,0.6928295
good night sweet dreams enjoy tomorrow its only am here in the uk,Tue Jun 02 02:05:08 PDT 2009,heather0510,2,NO_QUERY,0.6901134
im following now thats why it wouldnt let the dm too many spammers for autofollow these days checking site now,Sat Jun 06 14:03:54 PDT 2009,wowgrrl,0,NO_QUERY,0.69454205
ohh when you do tell me what you think but dm me instead of posting or text,Mon Jun 01 00:05:24 PDT 2009,jessicasydney,2,NO_QUERY,0.6866806
allisons grandma just picked me up on the way to white marsh,Fri May 29 12:57:42 PDT 2009,mmmjonas,2,NO_QUERY,0.6179907
im super sneaky like that i could have fed her pet but i prefer she readds first,Sat May 02 13:03:09 PDT 2009,keysgoround,2,NO_QUERY,0.67673
does any have the spousal abuse number i just got hit for my last tweet lmao,Sun May 10 00:32:53 PDT 2009,itsSERGiObitch,0,NO_QUERY,0.6378261
we are at ikea we could spend a hundred thousand dollars pray for us,Fri May 29 11:21:27 PDT 2009,ONEbody,2,NO_QUERY,0.6300202
yep very very beautiful y in italy there are beautiful girls too arent there,Mon Jun 01 10:04:10 PDT 2009,urest,2,NO_QUERY,0.6584124
just saw the lion king on broadway amazing wish i was a kid again,Sat May 30 22:51:13 PDT 2009,tbomb_oswalt,0,NO_QUERY,0.6562796
i agree panic win panic,Mon Jun 01 15:19:22 PDT 2009,aleclightwood,0,NO_QUERY,0.692457
i never got it u sent it,Sun May 03 16:34:02 PDT 2009,S_dott,0,NO_QUERY,0.69555676
its fiesta tomo have to sleep early and prepare for the celebrn,Sat May 30 06:48:43 PDT 2009,miguelcaymo,2,NO_QUERY,0.67468697
yeah,Tue Jun 16 00:56:34 PDT 2009,ZQTan,2,NO_QUERY,0.61394536
i dunno she kind of disappeared after juno yes i did meet them it was a great experience,Tue Jun 16 01:10:52 PDT 2009,ziggystarduzt,2,NO_QUERY,0.6831967
whats the matter,Wed Jun 17 23:44:45 PDT 2009,quixoticelixer,0,NO_QUERY,0.61120534
im jealous im slaving away at the store and youre chilling on the boat,Fri May 29 17:16:53 PDT 2009,adamkrischel,0,NO_QUERY,0.6782793
im blogging again,Sat Jun 06 17:07:18 PDT 2009,FranklynCypher,2,NO_QUERY,0.6223477
party all night my ass w lt,Sat Jun 06 03:13:43 PDT 2009,ChocLitLuvJoi,2,NO_QUERY,0.67129767
hours lr j and a enter room wit sleepin akzionz we need cab money lol,Sat May 30 17:06:08 PDT 2009,akzionz,0,NO_QUERY,0.6932728
sad but on the other side i am happy,Sat Jun 06 06:33:47 PDT 2009,hazelalatralala,0,NO_QUERY,0.6926538
in mediaa ext moree dayys till school is done,Mon Jun 01 10:53:51 PDT 2009,catherineann785,0,NO_QUERY,0.69105536
i have never in my life eaten that many doughnuts in a year wtf no wonder people are having heart attacks lol,Wed Jun 17 17:33:28 PDT 2009,masterluke103,0,NO_QUERY,0.6146305
im still hungry after a bowl of wanton noodles want some more but an exclassmate is at the table next to mine,Sat Jun 20 03:17:40 PDT 2009,theiceangel,0,NO_QUERY,0.6160015
oh ok now about that susan boyle issue cant really help u but regarding the capital of assyria,Mon May 18 03:30:39 PDT 2009,Biansta,2,NO_QUERY,0.64036644
i wish i was rich but right now any money is good money i havent heard anything from the jobs i applied to,Tue Jun 16 16:10:14 PDT 2009,chak88,0,NO_QUERY,0.61844486
outrageous fortune is back dont think i can stay awake long enough to watch the whole show,Tue Jun 02 02:34:01 PDT 2009,Bronnnnn,0,NO_QUERY,0.6935481
wtf dont read if you feel squeamish about dead kittens,Sat Jun 06 16:32:53 PDT 2009,heathereileen,0,NO_QUERY,0.6321578
man i hate bugs just found one in my hotel room thank you lord for bug spray,Wed May 13 23:36:19 PDT 2009,Mileyx_xCyrus,2,NO_QUERY,0.69312763
shut off brain please just shut off i have a love affair with sleep but shes a fickle mistress and only comes to me when she wants,Sun Jun 21 01:46:53 PDT 2009,releasethepants,0,NO_QUERY,0.61854404
aww thank you sweetie that means alot its for my mom she passed yrs today very upsetting,Fri May 29 19:25:05 PDT 2009,xMissAJx,0,NO_QUERY,0.6437968
seems like i may need some quotme timequot myself,Tue Jun 23 12:24:44 PDT 2009,FunNateofPMG,0,NO_QUERY,0.61753094
and the video games even though nobody wants to play with him,Wed Jun 17 01:59:37 PDT 2009,jjongie,0,NO_QUERY,0.61203337
guten morgen,Mon Jun 01 00:06:05 PDT 2009,socke249,2,NO_QUERY,0.6417731
prayin for dad in wellington fl via i too live in welly may i pray f,Fri May 29 16:26:45 PDT 2009,Prayter,0,NO_QUERY,0.65420914
if theyre important enough i dont write on their wall i call,Tue Jun 02 01:24:38 PDT 2009,gabyrosario,2,NO_QUERY,0.6478873
this story was definitely not ridiculous,Sat Jun 06 13:12:57 PDT 2009,PrettyPrats,2,NO_QUERY,0.6614301
true well doesnt seem so bad now and i have access to fb amp twitter im getting harry potter tonightexcitement,Thu Jun 04 08:59:15 PDT 2009,kreativemess,2,NO_QUERY,0.6047342
thanks i wish u were near,Fri May 29 23:03:56 PDT 2009,JunieB28,0,NO_QUERY,0.6619623
crossing my fingers i have even built a blog which i am not sure if ill ever use,Sun Jun 07 09:45:12 PDT 2009,gallarotti,2,NO_QUERY,0.67013675
yep maybe hell change his mind tmrw,Sat May 30 14:21:35 PDT 2009,miztrhollywood,2,NO_QUERY,0.64584637
gmorning bagrut today off to school wish me luck,Sat Jun 06 20:46:37 PDT 2009,shiraz16,2,NO_QUERY,0.6107838
tmrs the launch party of sims and i really wanna be there,Mon Jun 01 07:30:02 PDT 2009,3hirdteenthirty,0,NO_QUERY,0.647882
no one beleives i got a mess from u they think its a reply message from the computer ohh well thanx again tonya from ny,Tue Jun 16 19:22:47 PDT 2009,tonyaAM,0,NO_QUERY,0.6007274
ginger tony spunky and gigantocat were all on the back deck gt and gigantocat decided not to play nice,Wed Jun 17 18:14:36 PDT 2009,drjonboyg,0,NO_QUERY,0.6229501
this week was awsomegot an interview at toysrus on mondaymoving up in life getting a grown up job in a kids store oh well,Fri May 29 22:52:04 PDT 2009,lowlah,2,NO_QUERY,0.6207143
my cell phone is possessed it has been randomly calling people and connecting to the internet cant wait to see that bill,Sun May 31 16:22:39 PDT 2009,nitoob,0,NO_QUERY,0.6950615
car problems off to the garage soon not before coffee and sum tunes,Tue Jun 02 01:11:00 PDT 2009,CraigRyRy,0,NO_QUERY,0.69486636
sigh how i miss summer glad c ure still enjoying it though,Sun Jun 21 02:24:06 PDT 2009,KellybeanFowler,0,NO_QUERY,0.66685015
still trying to figure twitter out this is the rd account ive started obviously challenged,Sun May 31 09:23:35 PDT 2009,_elizabethjfry_,2,NO_QUERY,0.64056265
have fun man shred it up during last for me my turn tomorrow,Fri Jun 05 15:19:22 PDT 2009,lifecried,2,NO_QUERY,0.6176404
on my way to convert garden flower market how dedicated am i even though its my day off,Tue Jun 02 23:39:35 PDT 2009,x_Mazzle_x,2,NO_QUERY,0.6698979
now i have to sit out n look for a park,Sun May 31 00:32:29 PDT 2009,psychmaster10,0,NO_QUERY,0.62381494
i wanted to see cavs vs nuggets if the cavs lose i hope the lakers beat the crap out of the magic,Fri May 29 22:09:54 PDT 2009,Dotseoem,0,NO_QUERY,0.65725166
where are yall im bout to start walking lol and it aint funny,Thu Jun 18 13:03:36 PDT 2009,ashjanae,0,NO_QUERY,0.69561887
my rooms cleaned the beats rollin i need some inspiration,Tue Jun 16 11:27:16 PDT 2009,PelpMorrie,0,NO_QUERY,0.6934433
yea i kno,Tue Jun 16 02:03:32 PDT 2009,iadoreisha,0,NO_QUERY,0.6378199
i get offended wen ppl call me a pig lol,Fri Jun 05 09:05:23 PDT 2009,Lzsantana,0,NO_QUERY,0.65041614
had a fun day at the beach now gotta study tomorrow,Sat May 02 23:04:41 PDT 2009,snowboarder13,0,NO_QUERY,0.68335855
why im i on the internet when i should be studying good to see i have my priorities in order lol,Sat May 30 07:45:22 PDT 2009,kittie_noir,2,NO_QUERY,0.6149714
lol noim so exited to c my friends after a long long time,Fri Jun 05 22:10:52 PDT 2009,IdolFanatic,2,NO_QUERY,0.69501555
not enjoying beowulf now will be quotteh sadquot nah im sure he appreciates and respects your honesty,Thu May 28 21:56:33 PDT 2009,brianjshoopman,0,NO_QUERY,0.6952323
when theee clouds of joy meet the satsumathey colour in the sky with colours that have no intent to end,Mon Jun 15 13:50:18 PDT 2009,juliosmerano,2,NO_QUERY,0.61133814
i thought you would its bones though,Mon Jun 15 14:24:57 PDT 2009,orenmazor,0,NO_QUERY,0.6302961
a have no idea what to do i see youve put water therei guess maybe i would call the vet im not really sure,Fri Jun 05 14:13:07 PDT 2009,Whimsy__Girl,0,NO_QUERY,0.63322437
ashlee simpsons old cd on repeat forgottttt how much i love her,Fri May 29 12:31:32 PDT 2009,dancinntherain,2,NO_QUERY,0.6948893
packing up my room at uni moving out soon end of an era,Thu Jun 25 02:06:06 PDT 2009,stephanypollard,0,NO_QUERY,0.6726814
