text,date,user,sentiment,query,uncertainty_baseline
sooo its a bootiful sunday my first proper sit down in week then tomorrow back to reality but heyy i get to see my mateys,Sun Jun 07 02:23:03 PDT 2009,FaHizzle,0,NO_QUERY,0.2561983
ive a sneaky suspiscion she too k it with er,Sat May 30 16:11:03 PDT 2009,justhalo,0,NO_QUERY,0.2200642
how did your wife take it,Tue Jun 02 21:00:42 PDT 2009,SweetDahlia,0,NO_QUERY,0.21035993
good night twitter addicts have a very nice week leaving diego on saturday east coast here i comeim going to miss cali,Mon Jun 01 01:24:29 PDT 2009,joanneistheshit,2,NO_QUERY,0.15933807
yes not my favourite of places but need to send some things out sometimes there might not be anyone there so that is a good day,Sat May 30 01:25:52 PDT 2009,felicityfuller,0,NO_QUERY,0.2083402
quotplatonicmanhug,Wed Jun 24 23:08:00 PDT 2009,drakhalin,0,NO_QUERY,0.18287213
i miis you you are the best friends in this world,Sun May 31 13:46:20 PDT 2009,soofia_jb,0,NO_QUERY,0.27071488
soooooo true peta is really good everybodys dissing peta,Thu Jun 18 22:59:54 PDT 2009,vanxiaoyi,0,NO_QUERY,0.26740777
lt we shall have another one soon hopefully,Fri Jun 05 13:10:41 PDT 2009,brittersz,0,NO_QUERY,0.23613973
arggh just walked through a web,Mon Jun 01 17:36:02 PDT 2009,McParty,0,NO_QUERY,0.29136494
come back please im bored,Sat Jun 06 14:03:15 PDT 2009,Hanishi,2,NO_QUERY,0.19340673
ourmate is your marmite rebranded for nz so naturally its the only spread hell have hard to explain the flavours,Tue Jun 16 16:00:14 PDT 2009,sarahbyles,0,NO_QUERY,0.2460535
ive done so much today not,Mon Jun 01 13:30:02 PDT 2009,katiezeppenfeld,2,NO_QUERY,0.26201403
ker tshirt pa ma gor e ma sorry about what happens later res ni neki kredibilno,Fri Jun 05 10:47:27 PDT 2009,PrimozL,2,NO_QUERY,0.27716225
thats pretty high can gaybor take you in if you need,Tue Jun 16 13:01:00 PDT 2009,Jperryman73,0,NO_QUERY,0.15949647
i know,Tue May 26 21:39:26 PDT 2009,littlebrownjen,2,NO_QUERY,0.24842468
listening to do you remember aaron carter wth,Wed May 13 23:34:38 PDT 2009,iamgaberosales,0,NO_QUERY,0.2492516
today is a classic country day hank willie and waylon my poor office that puts up with me,Wed Jun 03 09:52:07 PDT 2009,AmyPR,2,NO_QUERY,0.2532048
because you went to jonas brothers and saw mcfly,Wed Jun 17 12:34:39 PDT 2009,Becci_McFry,0,NO_QUERY,0.23594265
sad day good bye jay leno see you at ten in the fall,Fri May 29 21:33:33 PDT 2009,thesoundoholic,2,NO_QUERY,0.25158858
pouting whatcha watching,Sat Jun 06 19:37:36 PDT 2009,ginawittmd,0,NO_QUERY,0.25480556
that was supposed to be an upside down smile,Fri May 22 04:56:18 PDT 2009,knappkd,0,NO_QUERY,0.17210944
neeeeds to update his twitter more,Tue Jun 23 12:34:10 PDT 2009,Lonathan,0,NO_QUERY,0.16612914
ouch made it up to here,Mon Jun 15 20:37:11 PDT 2009,dfeller,2,NO_QUERY,0.17434964
i find that i strikingly resemble garfield at the mo droopyeyed hungerfaced and supremely sloppy,Sun Jun 21 08:49:31 PDT 2009,sunandanarayan,0,NO_QUERY,0.29761493
forgot the link,Sun Apr 19 02:37:47 PDT 2009,HeinMaas,2,NO_QUERY,0.25091577
i just got twitter spammed,Mon Jun 01 06:36:09 PDT 2009,nipez,2,NO_QUERY,0.19204229
lucas my heart is yours to have and hold or break i luv yu,Mon May 04 01:51:31 PDT 2009,LucasCrazy,0,NO_QUERY,0.18698932
awesome to be stranded with ur better half worst part of the dj life imo is so much travelling alone,Tue Jun 16 06:30:48 PDT 2009,noelsanger,2,NO_QUERY,0.15605493
introducing the nokia n not and internet tablet,Tue May 26 22:10:56 PDT 2009,Infoseepage,0,NO_QUERY,0.19608305
its almost and tweetdeck hasnt locked up yet maybe the new version is going to work right,Mon Jun 15 09:40:10 PDT 2009,esmoger,2,NO_QUERY,0.20249377
tell this boy stop callin me mean,Sun May 31 18:18:23 PDT 2009,MissMoneyMesha,2,NO_QUERY,0.20755224
no haha but it is very sad ill go see her soon anyways,Tue Jun 16 07:13:14 PDT 2009,ShianneCampbell,2,NO_QUERY,0.2150781
also i hate people who make a twitter and never update what a waste of a username,Sat Jun 06 09:44:09 PDT 2009,MusicRoxMySox,2,NO_QUERY,0.24453369
bird warfare right outside my window cmon birds kiss amp make up so i can snooze a bit more,Tue Jun 02 23:39:31 PDT 2009,curlydena,0,NO_QUERY,0.23345412
sorry john smoltz i really wanted to see you pitch but six flags is waiting for me lets reschedule,Sat Jun 06 06:15:25 PDT 2009,kishat,2,NO_QUERY,0.25468457
sleep goodnight early sunday for me,Sat Apr 18 22:44:11 PDT 2009,baybeegurl425,0,NO_QUERY,0.26805612
got done with work can i interest you in a mind boggling night filled with wild adventures yes please,Sat Jun 20 22:03:26 PDT 2009,taylorstuevs,0,NO_QUERY,0.17559956
oh ok just let me know times going by so fastshell be leavin soon lemme know,Mon Jun 15 06:06:47 PDT 2009,lavidaloca7,0,NO_QUERY,0.19150129
todays the day countdown is over dont worry ill have another one soon lol,Fri Jun 05 10:03:12 PDT 2009,csholm724,0,NO_QUERY,0.25836104
and this website concept was going so well,Thu Jun 18 10:11:50 PDT 2009,phej,0,NO_QUERY,0.20751263
more rain lots of thunder,Fri May 01 22:16:11 PDT 2009,bendito2006,2,NO_QUERY,0.17411798
get well soon,Sun May 31 02:36:17 PDT 2009,HollywoodHawk,0,NO_QUERY,0.20927837
i think i already have enough photos of salmon with pommery mustard to create a blog post sans camera,Sun May 31 08:42:46 PDT 2009,eatwellathome,0,NO_QUERY,0.23072642
im priceless fucc yall dime movements thanks and for the ones who steady on my shit every nite chrissy is not feelin good,Mon Jun 15 18:40:08 PDT 2009,divadivachrissy,2,NO_QUERY,0.19998704
no pain no gain,Sat Jun 20 23:11:11 PDT 2009,davevonderhaar,0,NO_QUERY,0.18091968
i finally fell asleep,Thu Jun 18 05:50:08 PDT 2009,reverend_bunnie,0,NO_QUERY,0.21505864
last day blonde going back to my roots,Tue Jun 16 20:37:13 PDT 2009,vickybloom,0,NO_QUERY,0.27337313
yawn good morning looking at dresses today still trying to figure out the house thing,Mon Jun 15 07:54:05 PDT 2009,E_Conley,0,NO_QUERY,0.24872212
the guy sitting at the table next to me in the library is blasting rap music on his earphones how can you study law with rap music,Fri Jun 05 12:17:30 PDT 2009,CaliforniaGem,0,NO_QUERY,0.28860295
the guitar,Thu Jun 18 14:38:43 PDT 2009,aaronhoskins,0,NO_QUERY,0.20480527
if she lived next door to me you would never ever see me ever,Fri May 29 21:05:42 PDT 2009,jdotmiller,2,NO_QUERY,0.29558903
aw shucks,Sun Jun 07 20:37:26 PDT 2009,donnaelle,2,NO_QUERY,0.18638244
its not sad because im the same way my day doesnt start til i get my starbucks,Mon Jun 01 10:18:32 PDT 2009,L0vE_dRuNk,2,NO_QUERY,0.20455122
drinking is fun y i have a really bad sore throat cherry lozenges are life savers xx,Sat Jun 06 01:21:43 PDT 2009,PoyntlasLove,2,NO_QUERY,0.15411839
is working whilst k watches startrek with sammyboy in a cinema delux,Sun May 10 03:08:33 PDT 2009,rakh1,0,NO_QUERY,0.24270579
lets move to northern sweden and live in an igloo with a polar bear pet,Tue Jun 23 09:06:02 PDT 2009,stixxeh,0,NO_QUERY,0.19776496
no work me today,Mon Jun 01 05:17:41 PDT 2009,YiiSeL,2,NO_QUERY,0.16278619
very are you at washington nationalsorry you have such a yucky delay,Sat Jun 20 06:44:53 PDT 2009,amparman,0,NO_QUERY,0.21536256
it can be angina or just heart burn heart attack wont let u tweet,Sun Jun 07 12:38:35 PDT 2009,KirtiB,2,NO_QUERY,0.25663614
hmmedward lets say the werewolves take over your citydeal,Fri Jun 05 16:31:35 PDT 2009,Ilkee,0,NO_QUERY,0.22275317
people try amppretend like im not there im not going away,Sun Apr 19 06:39:35 PDT 2009,semipenguin,2,NO_QUERY,0.28583694
read for some breakfast,Mon May 18 07:05:14 PDT 2009,TFletch81,0,NO_QUERY,0.15348664
my first ever attempt at making pizza the verdict a fail we forgot to buy cheese plus n and i put waay too much ham,Sat May 02 23:54:50 PDT 2009,highjaxxaplane,2,NO_QUERY,0.19184595
im in the shower,Fri May 22 05:42:05 PDT 2009,ohs0sam,0,NO_QUERY,0.15575638
you cant say anythingif twitter went down right now youd die lol,Sat Apr 18 20:42:06 PDT 2009,Scyranth,2,NO_QUERY,0.28963113
demi lovato music sounds more and more like the jonas brothers music everyday,Fri Jun 05 22:49:46 PDT 2009,laurenburkhart,0,NO_QUERY,0.28698152
fort walton beach fl was great last week back to reality this week,Wed Jun 17 11:54:36 PDT 2009,chuckgoon,0,NO_QUERY,0.18531916
thank goodness for that me normal never no sleep now photo editingjoy,Sat May 30 06:21:05 PDT 2009,dontforgetchaos,0,NO_QUERY,0.16776921
i just sold the first guitar i ever owned,Sat Jun 20 19:05:00 PDT 2009,xtapol,0,NO_QUERY,0.26691005
well i have to sleep everything i can when i can since insomnia struck me nights ago,Mon Jun 01 00:33:23 PDT 2009,Mhaey,2,NO_QUERY,0.24511768
i tried that last year but no one wanted to give up their secrets,Mon May 18 06:51:19 PDT 2009,jerseyshorejen,2,NO_QUERY,0.16302527
i knocked on ur door with the breakfast u didnt answer lol,Sat Jun 06 09:35:27 PDT 2009,Cook1bd,2,NO_QUERY,0.21499878
ive been getting responses about the things that go one in church,Sun May 10 08:27:16 PDT 2009,catholicmominHI,0,NO_QUERY,0.25869972
good mood but one of the excons i follow out here in our town is back in acj kinda makes me sad he had more going for himself,Sun May 03 20:26:50 PDT 2009,user66646895200,2,NO_QUERY,0.20599693
after ages i synced my quottouchquot now its full,Sun May 31 12:39:24 PDT 2009,robitter,0,NO_QUERY,0.21104053
working on a friday but excited movie later with,Fri Jun 19 17:28:05 PDT 2009,GiselleDaisy,0,NO_QUERY,0.19488938
watching tv sunday evenings suck,Sun Apr 19 11:40:53 PDT 2009,Browwneyedgirl,2,NO_QUERY,0.17029421
so if i dont know who you are dont take offense,Wed Jun 17 05:08:27 PDT 2009,sarahmayhem,0,NO_QUERY,0.18667834
headed labfeelin droopy amp lousy,Mon Jun 15 10:25:20 PDT 2009,tierra88,0,NO_QUERY,0.19043295
back from holiday doh,Mon Jun 15 01:43:43 PDT 2009,JessSketchleyGK,0,NO_QUERY,0.2616002
is it slightly ocd that i get so much satisfaction from tweets that contain the perfect number of characters this one doesnt,Sun May 31 02:07:24 PDT 2009,timehhh,0,NO_QUERY,0.27712527
my jaw hurts volleyball torture tonight grrr sunburn really really hurts but tomorrow it will be a tan eating creamy pesto,Mon Jun 15 08:24:35 PDT 2009,ejazquitch,2,NO_QUERY,0.15274881
thats a sign youre an important amp crtical person right right thats what i tell myself anyway,Thu May 28 21:19:03 PDT 2009,DylanJobe,0,NO_QUERY,0.28110963
having a coopers extra strong vintage ale later is their best extra stout as i usually prefer the darker stouts amp porters small bottles,Sat May 02 22:48:41 PDT 2009,ilikemybeers,0,NO_QUERY,0.16282728
time to clean the house for my mom before she gets home from work,Sun Jun 07 13:11:19 PDT 2009,xMuSiCxFaNaTiCx,2,NO_QUERY,0.27367532
the traffic in motherwell this morning was bad you could not get a parking space for luv not money was good tho,Mon May 18 03:44:00 PDT 2009,margiepants123,2,NO_QUERY,0.21382916
i couldnt think of anything better to do,Mon Jun 01 00:27:20 PDT 2009,Sammyxlee,2,NO_QUERY,0.26116213
your a strange girllike me,Fri Jun 19 18:57:07 PDT 2009,jonatic96,0,NO_QUERY,0.15798023
im afraid the biggest impression that that made on me was to make me want some chocolates,Sun Jun 07 14:27:18 PDT 2009,beristwicke,2,NO_QUERY,0.2405537
sorry just saw that too well think about it but well also contact apple managing this via subscription is the correct way,Tue Jun 02 09:54:30 PDT 2009,aolmail,0,NO_QUERY,0.28821
i aint mad at her goooo momma,Sat May 30 07:59:12 PDT 2009,whiteblouse,2,NO_QUERY,0.22688928
and i hope you is really you internet is cool you never can be sure,Thu Jun 18 10:13:40 PDT 2009,Ex_vero,0,NO_QUERY,0.20026186
they have their headaches the morning after instead,Sun May 10 03:02:19 PDT 2009,DebbieBenstein,2,NO_QUERY,0.29985797
dan didnt pick up the stuff from andre photog today well pick em up later cant wait to see our wedding video album amp portrait,Fri Jun 19 09:58:46 PDT 2009,mojitayanipot,0,NO_QUERY,0.16693094
i mean ctrying xcode but rather bafled by it at the moment p i am used to pelles for ci seem to have lost terminal,Sun May 31 09:15:07 PDT 2009,LiliCosic,2,NO_QUERY,0.15926673
please give me a link to watch that,Sat May 30 20:28:56 PDT 2009,cecantique,0,NO_QUERY,0.19804545
i miss u guys and i miss complaining with u about how long our hair used b lol we still look fab tho,Fri Jun 05 12:32:17 PDT 2009,iheartPSU,2,NO_QUERY,0.29860508
good night everyone im going to sleep its am,Sun Jun 07 00:42:04 PDT 2009,timmy1234s,0,NO_QUERY,0.20761465
no animals were killed in the making of this film,Wed Jun 03 05:44:30 PDT 2009,johntmartin,2,NO_QUERY,0.23654494
lbs lost since feb still have a lot more to go,Thu May 28 21:38:25 PDT 2009,nanavette,2,NO_QUERY,0.16282436
about to leave to go home,Mon Jun 15 06:05:18 PDT 2009,majafck,2,NO_QUERY,0.18023194
i tried rock band and i just cant get the drums nobody wants me on their team for drums i kick butt at singing though,Sun Jun 07 08:18:31 PDT 2009,houdinisgirl,2,NO_QUERY,0.2721733
its friday its payday so im buggering off early,Fri May 29 08:06:03 PDT 2009,rubbishmonkey,2,NO_QUERY,0.2001117
i know,Wed Jun 03 06:40:41 PDT 2009,cartoonmoney,2,NO_QUERY,0.24842468
fk drop by topseoscom,Sun Jun 07 00:40:11 PDT 2009,webwoke,0,NO_QUERY,0.23975514
not even iphone with gold plated chassis,Fri May 29 18:48:10 PDT 2009,hash_iphone,2,NO_QUERY,0.24056685
i dont know about that according to wsyx were all going to die in the next hour or so,Mon Jun 01 19:50:16 PDT 2009,sbarton1220,2,NO_QUERY,0.20611109
cleaning the house doesnt that sound like super fun,Sat Jun 06 10:43:10 PDT 2009,hhphame711,0,NO_QUERY,0.29723737
i just got my first speeding ticket in about years,Sat Jun 20 17:49:56 PDT 2009,bentsinister,0,NO_QUERY,0.1742197
stfu suckaaaa,Fri May 29 20:35:16 PDT 2009,nikkieo,2,NO_QUERY,0.20675956
needs a coffee delivery service in co today we ran out of beans and we need our starbucks,Sat Apr 18 07:31:37 PDT 2009,YourWebChick,2,NO_QUERY,0.1529876
really wants to go to spilira this summer,Sun May 10 18:26:17 PDT 2009,marianne_brown,2,NO_QUERY,0.26225314
so now i get to read my chapters that i tried so hard not to read yesterday my day is going to be fun,Sat Jun 06 06:53:16 PDT 2009,zoebaugh,0,NO_QUERY,0.18492666
i took playing music for granted,Sun May 31 17:13:42 PDT 2009,Rentagirl08,0,NO_QUERY,0.18233706
johnny depp amp crew racked up a bill a resturant amp depp left a tip for the waitor do u think he did it on purpose or error,Thu Jun 25 03:52:29 PDT 2009,chinatheblack,0,NO_QUERY,0.15245338
thank u i think that pic was taken the week dj hut closed we have get up soon im goin georgiastateu in the fall,Tue Jun 23 22:04:33 PDT 2009,karmarocket,0,NO_QUERY,0.28774083
awe just looked on tvguide amp it says that the epesode of paula on kimmel is a rerun,Sun May 31 18:39:57 PDT 2009,4evaurgirl,0,NO_QUERY,0.253532
im ony my cell phone twitter fukkin up u mad,Sat May 30 19:54:13 PDT 2009,Juve803,0,NO_QUERY,0.26690304
just ateee plasticc of my icepop ewaas,Sat May 30 08:19:26 PDT 2009,alexaamcfly,0,NO_QUERY,0.27884352
is tuio gonna work with sketchup,Thu May 28 20:38:41 PDT 2009,touchaddict,0,NO_QUERY,0.23576199
miley cyrus really,Wed Jun 17 12:29:54 PDT 2009,dulcedreamer,0,NO_QUERY,0.19198267
gonna catch some zzzzs good night twits tomorrow is a day for enjoying with the person who gave birth to you your mom amp ap studying,Sun May 10 01:50:31 PDT 2009,Ezra_B,0,NO_QUERY,0.18185583
great my days just gotten worse,Mon May 18 00:00:36 PDT 2009,JazzBANGER,2,NO_QUERY,0.28115752
sorry theres none left ill share next time though,Sat Jun 06 18:40:19 PDT 2009,thepaperfairy,2,NO_QUERY,0.26909533
just because im losing doesnt mean im lost coldplay,Sun Jun 07 10:44:15 PDT 2009,baarbyy,2,NO_QUERY,0.22412196
working on a project due on tuesday blaaah,Sun Apr 19 04:47:48 PDT 2009,monadoghman,0,NO_QUERY,0.2033908
not my showgeneral hospital,Mon Jun 01 23:30:38 PDT 2009,cdsram24,2,NO_QUERY,0.29095837
gio i have a big problem i love marvin is so cute can i marry him xd,Mon Jun 22 16:56:15 PDT 2009,cony95,0,NO_QUERY,0.19953373
standing at red light,Sun Jun 21 00:53:53 PDT 2009,mad21185,0,NO_QUERY,0.2598318
lj is timing out when i try and reach the site yet lj status says all is good and the link to get to support tries to take you to lj,Sun Apr 19 08:50:15 PDT 2009,hiddenglitter,0,NO_QUERY,0.26340687
sakura max ps maxx bag psmh socloseeee,Sat May 02 01:55:46 PDT 2009,nlite,0,NO_QUERY,0.20669922
im freeezing,Wed Jun 03 08:06:25 PDT 2009,bebeatriz,0,NO_QUERY,0.17401895
says cold evening,Tue Jun 02 03:51:44 PDT 2009,utsche,2,NO_QUERY,0.21255577
im in la but limited internet connection for now,Sun Jun 14 23:56:12 PDT 2009,LisaTeh,2,NO_QUERY,0.2802217
