text,date,user,sentiment,query,true_label,predicted_label,uncertainty_entropy,true_label_name,predicted_label_name
coachella i want to go sing the cure for me,Sat Apr 18 22:37:08 PDT 2009,taniia_r,0,NO_QUERY,0,0,0.67481595,negative,negative
im in my room eating some of my moms amazing noodles i know youre jealous,Sun May 17 11:58:04 PDT 2009,Singingirlx10,2,NO_QUERY,2,2,0.61959124,positive,positive
y i gotta b talkin bout clubbin y cant i b talkin bout the moviesdinneror just hangin out,Fri May 29 10:57:39 PDT 2009,MSEDITH88,0,NO_QUERY,0,0,0.6456661,negative,negative
hiya yes i have rebooted and it still isnt right wondering what is wrong as it was working a couple of weeks agon,Sun May 17 05:15:01 PDT 2009,felicityfuller,0,NO_QUERY,0,0,0.6581303,negative,negative
diabetic hubby doesnt trust testing kits that dont puncture,Mon May 18 05:04:52 PDT 2009,ALtieLady,0,NO_QUERY,0,0,0.65427756,negative,negative
well at least you try ur doin better than me,Tue Jun 02 10:43:35 PDT 2009,VioletsCRUK,2,NO_QUERY,2,2,0.6006336,positive,positive
my stomach feels much better after eating yet another bowl of chicken noodle soup,Tue Jun 02 20:53:55 PDT 2009,jvelasquezphx,2,NO_QUERY,2,2,0.6277635,positive,positive
is resting her eyes,Tue Jun 16 00:44:20 PDT 2009,sarahymlee,2,NO_QUERY,2,2,0.6202233,positive,positive
is in the studio with mattdoing something for my new song well it might turn into one la is really hot i need summer clothing,Sun May 10 09:34:30 PDT 2009,cyrusmiley9,2,NO_QUERY,2,2,0.67976105,positive,positive
starting to play my warrior again going for loremaster no raiding for six weeks though,Sun May 17 23:48:53 PDT 2009,WukkiUkki,0,NO_QUERY,0,0,0.69620407,negative,negative
so colddddd and rainy but i like it p,Mon May 18 00:31:52 PDT 2009,HolleebH,0,NO_QUERY,0,0,0.60047656,negative,negative
i have to choose between and on sunday and wins im shattered why cant i be healthy enough to go to both,Fri May 29 01:07:28 PDT 2009,kasemc,0,NO_QUERY,0,0,0.66869104,negative,negative
the year i dont,Sun May 31 13:16:51 PDT 2009,listenmissy,0,NO_QUERY,0,0,0.6440749,negative,negative
hey hug i tried using both twitterfox and dt a while ago neither of them worked as effectively as i expected,Sat Jun 06 03:43:04 PDT 2009,1critic,0,NO_QUERY,0,0,0.6956669,negative,negative
if i had it id be there now,Mon Apr 20 00:48:31 PDT 2009,travisjones16,0,NO_QUERY,0,0,0.69166183,negative,negative
im so tired im so paranoid cuz my dad said quotthis is your last day of relaxingquot and i looked at the schedule i have intense volleyball,Sun Jun 21 06:20:45 PDT 2009,DaniellaFTW,0,NO_QUERY,0,0,0.6889274,negative,negative
wisdom teeth out today would rather die,Tue Jun 16 08:42:38 PDT 2009,GloomyJenMen,0,NO_QUERY,0,0,0.6095815,negative,negative
hours of general studiesit takes the piss even more than my answers revision time now ow,Mon Jun 15 04:45:54 PDT 2009,elle20,0,NO_QUERY,0,0,0.6383766,negative,negative
tell me whos mean to my isabel and i will knock them down,Wed Jun 03 07:59:16 PDT 2009,MissyG10tv,0,NO_QUERY,0,0,0.6923249,negative,negative
the technology is rebelling against me this week xbox red ring of death iphone upgrade fail sql quotquirksquot,Fri Jun 19 11:44:43 PDT 2009,mginn82,0,NO_QUERY,0,0,0.6385945,negative,negative
what should i do today i think ill ride to the shops and get a smoothie then walk my dog what a boring day,Fri Jun 19 18:02:33 PDT 2009,sophie267,0,NO_QUERY,0,0,0.65933704,negative,negative
oh god i cant believe it thank you,Tue May 26 21:17:05 PDT 2009,valejoan,2,NO_QUERY,2,2,0.6618867,positive,positive
gahhh hiccups,Fri Jun 05 21:39:01 PDT 2009,SamiCappola,0,NO_QUERY,0,0,0.6505157,negative,negative
why dont things open early so i can get stuff done,Fri May 22 06:44:45 PDT 2009,saegizi,0,NO_QUERY,0,0,0.6518903,negative,negative
tanya is jealous because im mikes new favorite its because he tried to kiss me over the weekendpictures to follow at sxcom,Mon May 04 03:28:03 PDT 2009,ItsBrookeRyan,2,NO_QUERY,2,2,0.697037,positive,positive
hmmm you might be right but i want reaaal uplifting trance,Sat Apr 18 09:56:59 PDT 2009,djcodey,2,NO_QUERY,2,2,0.64800966,positive,positive
glad life isnt a chatroom because then we would all be horny creepy rude and fat,Sun Jun 14 23:40:00 PDT 2009,tpark18,2,NO_QUERY,2,2,0.6917417,positive,positive
the adrenaline rush while trying to get it,Thu May 28 23:04:45 PDT 2009,ichigo_han,2,NO_QUERY,2,2,0.62533545,positive,positive
i just got home,Sat Apr 18 22:27:24 PDT 2009,TereWontStop,2,NO_QUERY,2,2,0.61135525,positive,positive
says gianty oolll ddddooonnngggg,Sat Jun 20 03:23:46 PDT 2009,Astridawzki,0,NO_QUERY,0,0,0.69626534,negative,negative
hahah tell me gina why is that,Sat May 16 20:44:34 PDT 2009,robbbinnnn,2,NO_QUERY,2,2,0.68843204,positive,positive
off to rehearsals,Thu May 14 03:11:58 PDT 2009,maanfara,2,NO_QUERY,2,2,0.68562734,positive,positive
its pretty disheartening how blue the map is looking,Fri Jun 05 08:40:00 PDT 2009,willwybrow,0,NO_QUERY,0,0,0.6102283,negative,negative
i am supposed to sleep im going out tomorrow at am so deadzxzz,Sun May 31 11:56:05 PDT 2009,Farrahri,0,NO_QUERY,0,0,0.603822,negative,negative
sorry false alarm youre my mr daaaaaaarcy and is your elizabeth bennet but ii should b ur eliza dont,Mon Jun 22 15:33:02 PDT 2009,georginaisback,0,NO_QUERY,0,0,0.6907747,negative,negative
youre coloring your hair pinkor did you just want to know what you were doing wrong with your application,Sat Jun 06 23:45:41 PDT 2009,tobint,2,NO_QUERY,2,2,0.6334611,positive,positive
im surprised you didnt find my post to be sarcastic im with you i didnt take it the wrong way quotshaaaaaaaawdyquot,Sat May 30 16:22:18 PDT 2009,KidCalloway,2,NO_QUERY,2,2,0.60469526,positive,positive
too much info,Sun Jun 07 12:58:49 PDT 2009,forbairt,2,NO_QUERY,2,2,0.7014394,positive,positive
dw bub i had the shittest night at work it was cause i wasnt there you would of been awesome love xoxo lt,Mon Apr 20 04:54:29 PDT 2009,torilovesbradie,0,NO_QUERY,0,0,0.6738228,negative,negative
not from where i am sat in a datacentre in greenford there not more nora batties stockings from the cleaner,Tue Jun 02 05:53:51 PDT 2009,drjedgar,0,NO_QUERY,0,0,0.6941043,negative,negative
my ears are ringing im so tired but i dont wanna sleep tonight was fun had a good time,Sat May 30 07:02:19 PDT 2009,SQUASCHOOM,0,NO_QUERY,0,0,0.69144756,negative,negative
h que preguia vou ver the lost world bjs quero ver fastlane poa,Mon Jun 15 10:57:25 PDT 2009,geehx3,0,NO_QUERY,0,0,0.67830557,negative,negative
so i dont work saturdays and i still got up at got ready for work almost walked out the door before i realized its saturday,Sat Jun 20 06:52:10 PDT 2009,bunkinator,0,NO_QUERY,0,0,0.62747574,negative,negative
i hate when the guy at the gas station makes fun of me now pickin up jess then shoppin real quick then off to competition,Sat May 30 14:49:38 PDT 2009,EmilyCampagna,2,NO_QUERY,2,2,0.6970513,positive,positive
i just made biscuits but i doubled the recipe and they came out weird,Tue Jun 23 14:55:19 PDT 2009,clairerocks,0,NO_QUERY,0,0,0.6409044,negative,negative
hey peter sorry to ask but have you spoken to rpattz today i was wondering if he was ok bc he was almost run over xxx,Fri Jun 19 09:54:51 PDT 2009,DJMaroona,0,NO_QUERY,0,0,0.62253445,negative,negative
im outta tha shower but i cant be botherd getting ready the shower made me more tired baah,Sat Jun 20 08:50:44 PDT 2009,samboothey,0,NO_QUERY,0,0,0.6018666,negative,negative
lol looks like the ihop by my house cops inside amp out amp the parking lot blocked i love my neighborhood though,Sun Jun 07 08:36:22 PDT 2009,AnasaNaturals,2,NO_QUERY,2,2,0.6831582,positive,positive
not much of a weekend busy with the short course i want days off dang it,Sun May 31 18:00:22 PDT 2009,mookiy,0,NO_QUERY,0,0,0.6957849,negative,negative
bugger somewhere on my travels ive lost my flip mino had some good footage of rico tubbs on there ah well best get saving for anot,Sun May 31 02:53:11 PDT 2009,MetroBoy,0,NO_QUERY,0,0,0.6527471,negative,negative
whoop found my leather bracelet that i thought i lost in washington,Sun May 31 17:34:21 PDT 2009,spunkslapz,2,NO_QUERY,2,2,0.64833164,positive,positive
you suuuckk anyways howd you get that hook me uuppp idk about jersey though,Fri Jun 05 08:56:10 PDT 2009,TheNotoriousJEN,2,NO_QUERY,2,2,0.65000284,positive,positive
why most people are afraid of clowns they are suppose to be funny lookin i just wish alamats payaso will have its own book,Tue May 26 22:11:13 PDT 2009,edtadeo,2,NO_QUERY,2,2,0.6954733,positive,positive
english class,Mon Jun 01 07:25:34 PDT 2009,maba24,0,NO_QUERY,0,0,0.6879523,negative,negative
off to the welder i love when i get to leave workeven if its work related,Fri May 22 06:31:25 PDT 2009,Beana,2,NO_QUERY,2,2,0.6546086,positive,positive
phew thats good least its no longer midnight dark,Tue Jun 16 05:08:17 PDT 2009,talkingtostars,2,NO_QUERY,2,2,0.6684848,positive,positive
bed time early tonight sleepy miss bae tomorrows gonna be fun though with everyone,Mon Jun 15 22:23:45 PDT 2009,suppveronica,2,NO_QUERY,2,2,0.6806779,positive,positive
sorry for the lack of tweets today going to southland movies soon with my baby,Thu Jun 04 22:50:49 PDT 2009,ohaiijax,2,NO_QUERY,2,2,0.65355337,positive,positive
i am alive my internet seems to be much better still cant load youtube videos lets see how long it lasts,Sat May 02 05:31:57 PDT 2009,jamesthird,0,NO_QUERY,0,0,0.69480157,negative,negative
were in stockholm tuesfriday tues was cheaper to fly i guess tho its still krone then back to oslo ask beate,Mon Jun 01 13:21:48 PDT 2009,KateSees,0,NO_QUERY,0,0,0.6952965,negative,negative
agreed,Thu May 28 22:00:21 PDT 2009,aurihunter,2,NO_QUERY,2,2,0.6718879,positive,positive
the report on a new pc i promised i would publish,Fri Jun 05 17:19:35 PDT 2009,Emu76,2,NO_QUERY,2,2,0.64241755,positive,positive
are you asking me this,Sat Apr 18 22:07:08 PDT 2009,WuChann,2,NO_QUERY,2,2,0.6054596,positive,positive
aww goodnight,Sun Jun 14 23:52:03 PDT 2009,NikkiHami08,2,NO_QUERY,2,2,0.6607561,positive,positive
that goose bento in that article is pretty impressive though not as impressive as your stuff imo,Sun May 17 09:47:42 PDT 2009,JofArnold,2,NO_QUERY,2,2,0.6817174,positive,positive
im mad i now have the munchies uggh im to high to drive anywhere gosh be a great time eat some late night oreo ice cream mmm lol,Mon May 04 00:31:49 PDT 2009,Lilixbabi3,0,NO_QUERY,0,0,0.69540954,negative,negative
quite hopefully she doesnt figure it out otherwise youre in trouble,Mon Jun 01 09:39:48 PDT 2009,themattscott,2,NO_QUERY,2,2,0.69587886,positive,positive
loved up the story was really touching and sweet and the animation was nice though not extraordinaryhave to see it again,Mon Jun 01 07:56:59 PDT 2009,gangabs,2,NO_QUERY,2,2,0.6906526,positive,positive
thats unfortunate is the time zone bit in the first part or the second because thats hilarious,Fri May 22 01:15:54 PDT 2009,uptheapples,0,NO_QUERY,0,0,0.6899658,negative,negative
ahah you didntt see o he danced to singlee ladiieees xd with heels ampthe same dress beyonce wore ahahahhaah,Wed Jun 03 10:27:50 PDT 2009,jonasobsessedx,2,NO_QUERY,2,2,0.69052637,positive,positive
computer says no i will have a look on monday,Sat Jun 06 10:58:43 PDT 2009,ChimeraX,0,NO_QUERY,0,0,0.65740234,negative,negative
i am getting my texas state mandated vehicle inspection,Thu Jun 18 10:21:04 PDT 2009,thomasjust,0,NO_QUERY,0,0,0.61136127,negative,negative
new jack city and mimosas we go hard,Sat Jun 06 17:19:11 PDT 2009,AutumnDalila,2,NO_QUERY,2,2,0.6780058,positive,positive
is super tired today a liein and an afternoon nap didnt quite nail it must be getting old if i can cope with a full on weekend,Mon Jun 22 13:03:51 PDT 2009,gilltaylorphoto,0,NO_QUERY,0,0,0.6410215,negative,negative
is having a weekend from hell gf not sure on things and sat in casualty with dad,Sun May 10 05:10:54 PDT 2009,ellhawkes,0,NO_QUERY,0,0,0.64042866,negative,negative
i hear ya but just who are reg people these days,Fri Jun 05 09:37:05 PDT 2009,JAGnLA,2,NO_QUERY,2,2,0.67313015,positive,positive
quotyou work in lunacyquotmy tutor,Mon Jun 01 12:47:13 PDT 2009,ImaBerk,2,NO_QUERY,2,2,0.6175045,positive,positive
people weve been here since am why are you just making your way here now its late and i had dinner plans,Fri Jun 19 22:13:37 PDT 2009,jeannemariepics,0,NO_QUERY,0,0,0.6914474,negative,negative
he keeps pulling houdinis doubt hes gonna answer hahah youd kick his ass anyways,Sat May 30 23:37:39 PDT 2009,SKILLETfan01,2,NO_QUERY,2,2,0.6969218,positive,positive
tried on beautiful dresses just wish they had fitted oh well back to scrubbing the bin clean,Tue Jun 16 06:32:13 PDT 2009,MightyMiniMo,0,NO_QUERY,0,0,0.66802955,negative,negative
i fear beni is a gonner,Sat Jun 06 16:43:49 PDT 2009,pjmcd,0,NO_QUERY,0,0,0.6532862,negative,negative
os leaving the flat now byebye first year,Sat Jun 06 00:42:44 PDT 2009,charfree111,0,NO_QUERY,0,0,0.6869558,negative,negative
only one month left till my apprenticeship is over im counting the days,Mon Jun 15 07:46:15 PDT 2009,MikeFromHell,2,NO_QUERY,2,2,0.6312789,positive,positive
working out how to send the control keystrokes to screen was tricky too probably will be an emergency only thing,Mon May 11 23:18:11 PDT 2009,davenice,2,NO_QUERY,2,2,0.69691527,positive,positive
had a great time w my baby before i go back to oakland amp he leaves for florida now watchin lil miss sunshine,Thu Jun 18 23:47:05 PDT 2009,iHeartbri,0,NO_QUERY,0,0,0.6728867,negative,negative
haha den next time we go dempsey lah but abit exp wor house is a good chillout place,Sun Jun 07 08:58:44 PDT 2009,circadianchild,2,NO_QUERY,2,2,0.6299616,positive,positive
lol omg girl the concert was the shit last night rebel souljahz was there too everyone was jammin,Sat Apr 18 10:22:16 PDT 2009,itsgracefoo,2,NO_QUERY,2,2,0.6762322,positive,positive
will go to work with a friend this morning and see what he does,Fri May 22 02:04:54 PDT 2009,pastortone,2,NO_QUERY,2,2,0.6076882,positive,positive
gt cream together okay now stop tweeting me lies and well leave it to the phone,Sun Jun 07 06:19:19 PDT 2009,twebbstack,2,NO_QUERY,2,2,0.62352693,positive,positive
no tweets for hours now you are beginning to worry me you ok tweet just once just a little one tiny tiny one,Sun May 31 09:23:16 PDT 2009,OldeGreywoolf,2,NO_QUERY,2,2,0.65780354,positive,positive
just wanted share perfect sunset in the uk wish id a pic but too chilled move see,Sun May 31 13:10:50 PDT 2009,clare666,2,NO_QUERY,2,2,0.680169,positive,positive
funnn funnn times haha ur never on aim anymore,Sat Jun 20 19:54:38 PDT 2009,Merebearrr,0,NO_QUERY,0,0,0.65509236,negative,negative
yes gets everywhere will require another shower when i get home,Sun May 17 09:59:22 PDT 2009,Justin_A,0,NO_QUERY,0,0,0.6842179,negative,negative
awayyy to read then bed,Sun Jun 07 14:57:31 PDT 2009,bexxaaaaamate,2,NO_QUERY,2,2,0.69011056,positive,positive
i want spotify haha i also want to get some sleeeeep i cant sleep until i read out the book and write about,Sun May 31 12:46:14 PDT 2009,TheCaao,0,NO_QUERY,0,0,0.665469,negative,negative
i havent seen all of ur vids yet but i will any way me is off to bed i guess gn amp sweet dreams,Mon Jun 15 21:23:21 PDT 2009,BillylakeG118,2,NO_QUERY,2,2,0.69523215,positive,positive
the chores then a coffe i think,Sat May 30 03:11:08 PDT 2009,sirrenna,2,NO_QUERY,2,2,0.61967456,positive,positive
i used to love putting my socks under the couch cushion amp my mom would get pissed but how old is now hahaha,Tue Jun 02 14:18:39 PDT 2009,thedonutlounge,2,NO_QUERY,2,2,0.62988365,positive,positive
is going to check out the day soon no smoking for me though,Mon Apr 20 00:31:09 PDT 2009,Lewis_k1,0,NO_QUERY,0,0,0.6971252,negative,negative
sounds like a plan although ill be on holidayvisiting family work that week,Wed May 27 07:20:37 PDT 2009,timfernando,0,NO_QUERY,0,0,0.63105214,negative,negative
about to start my least favourite chore mopping the floor,Fri May 29 16:56:54 PDT 2009,mathewsanders,0,NO_QUERY,0,0,0.6088505,negative,negative
c i xong fifa trn lappy c iu b git git huhu cu hnh vy vn ko n ni con fifa xu value m nng,Tue Jun 16 08:33:57 PDT 2009,Fly2ersk1,0,NO_QUERY,0,0,0.69283426,negative,negative
real coda mail quotyou know those whatever you call them under the local tab i thought they were links or something so i deleted themquot,Thu Jun 18 14:18:28 PDT 2009,cabel,0,NO_QUERY,0,0,0.6386124,negative,negative
no has she got them now,Wed Jun 17 11:48:05 PDT 2009,salwaytay,0,NO_QUERY,0,0,0.69290996,negative,negative
lucky my mum would give them cake,Thu May 14 03:06:56 PDT 2009,Didyme,2,NO_QUERY,2,2,0.6802244,positive,positive
and i cheated and drank some pepsi but today im spoiling me and my man tomrrow back to water and i need to work off all this pizza haha,Fri May 29 18:51:45 PDT 2009,Miss_Diabolical,0,NO_QUERY,0,0,0.68999267,negative,negative
settling the house before mum amp dad get here packingcleaningbut no more cooking cooks back from leaveyay,Mon May 18 00:25:09 PDT 2009,ishipishi,2,NO_QUERY,2,2,0.6935902,positive,positive
oh mi gordgoshie so tired should go to bed right now butttt legal essay tomorrow so maybe not,Mon Jun 01 05:30:28 PDT 2009,stephanie_cheng,0,NO_QUERY,0,0,0.61084723,negative,negative
just saw preview for new moon i still dont see this guy as ed cullen and jacob is how old again wolf looks cartoonish but love it,Mon Jun 01 11:12:40 PDT 2009,MissCocoaLuv,2,NO_QUERY,2,2,0.6900865,positive,positive
ooh my seedlings are growing although the ones on the floor have gone all spindley and long probably from light deprivation,Sun May 17 02:20:09 PDT 2009,pennyllama,0,NO_QUERY,0,0,0.6711066,negative,negative
my work weekend begins,Sat May 02 07:58:06 PDT 2009,CrucialAdaption,0,NO_QUERY,0,0,0.6523696,negative,negative
wish i could take a couple of these with me oh and an iphone from squarespace,Mon Jun 15 05:16:37 PDT 2009,joeyinteractive,2,NO_QUERY,2,2,0.6942381,positive,positive
so im super hungry got sum chikbroc wr amp it was nastyyyy now wtf ima eat,Sat May 30 11:37:49 PDT 2009,MzHeNNy,0,NO_QUERY,0,0,0.64664316,negative,negative
a thats so cuuute,Wed Jun 24 23:44:42 PDT 2009,MistressVarla,0,NO_QUERY,0,0,0.69059646,negative,negative
oh and i hate bots too said something once about bone marrow transplant followed by an association for that numerous examples,Sun May 31 01:45:54 PDT 2009,bindme,2,NO_QUERY,2,2,0.6973907,positive,positive
got up too early this morning loloh well gave me more time to myself lol,Sun Jun 07 10:17:59 PDT 2009,Aundrea_Silva,2,NO_QUERY,2,2,0.6749303,positive,positive
had good dreams last night its been a while,Fri May 29 08:06:04 PDT 2009,Dak831,2,NO_QUERY,2,2,0.61929286,positive,positive
its still degrees outside,Sat May 30 23:06:54 PDT 2009,mrspadfield,0,NO_QUERY,0,0,0.6761447,negative,negative
hearing about all these people going to ascot im not going this year unless anyone wants to give me an invite for a corporate tent o,Wed Jun 17 05:46:30 PDT 2009,coscomputing,0,NO_QUERY,0,0,0.6155238,negative,negative
sometimes i feel so so emoand i do not know why i feel a song coming on,Tue Jun 02 22:51:59 PDT 2009,superstareve,0,NO_QUERY,0,0,0.64500207,negative,negative
i want to watch transformers dear robots hurry up,Mon Jun 22 20:40:57 PDT 2009,mariakaffa,0,NO_QUERY,0,0,0.6737428,negative,negative
of course thanks babes no big party this year i kept it lowkey with carla now in vegas,Fri May 22 00:02:28 PDT 2009,iamdionnamarie,2,NO_QUERY,2,2,0.64112735,positive,positive
designers and the need to get disconnected you are not the only one,Sat Jun 06 21:47:22 PDT 2009,megan_e_allen,2,NO_QUERY,2,2,0.68302345,positive,positive
trust me if i could do so i would have downgraded to ps cs normal edition while upgrading to cs this time,Wed May 13 23:20:22 PDT 2009,PatchouliW,0,NO_QUERY,0,0,0.6029506,negative,negative
quotno anestisia for you since it doesnt work on you anywayquot,Tue Jun 16 15:11:43 PDT 2009,mekatek,0,NO_QUERY,0,0,0.6917834,negative,negative
yawn in work anyone wanna bring me a starbucks,Tue Jun 16 01:48:25 PDT 2009,omgmashed,0,NO_QUERY,0,0,0.6578967,negative,negative
today is a big day the new jb album is coming out but when will he come to israel ill wait to it,Mon Jun 15 06:09:19 PDT 2009,tamamonet,2,NO_QUERY,2,2,0.6960796,positive,positive
oooh dowry is another topic we cud debate days and end up confused i failed miserably in all my attempts,Sat Jun 06 22:05:52 PDT 2009,kuttyedathi,0,NO_QUERY,0,0,0.65445447,negative,negative
hannah montana was great hahahah carly twitters way too much,Sat Apr 18 21:32:01 PDT 2009,cupofkenzie,2,NO_QUERY,2,2,0.6535946,positive,positive
omg please dont remind me im gonna run tonight when the sun sets,Fri Jun 05 09:13:59 PDT 2009,Rahelalicious,0,NO_QUERY,0,0,0.6918502,negative,negative
oooh u went to a santacruzan my dad went to pontevedra to watch i dnt knw if its the same santacruzan tho,Sat May 30 04:15:25 PDT 2009,tippyOquendo,2,NO_QUERY,2,2,0.68419284,positive,positive
they have footy tipping at work experience place,Mon Jun 15 03:35:31 PDT 2009,_mishhh,2,NO_QUERY,2,2,0.6809833,positive,positive
damn you intelligent rappers,Tue May 26 23:11:32 PDT 2009,mr2oh2,2,NO_QUERY,2,2,0.68130815,positive,positive
this weather will be the end of me i love sunshine but not while i have to study inside all day,Sun May 31 02:39:56 PDT 2009,cedickie,0,NO_QUERY,0,0,0.6174013,negative,negative
pulsepulsepulse the comp clock does not even make ticking noises i keep the time by counting my heartbeats,Tue Jun 16 05:19:58 PDT 2009,boongat,2,NO_QUERY,2,2,0.6784105,positive,positive
i knew it they showed you guys for like seconds on the play right before the half ended,Fri May 29 18:54:01 PDT 2009,__joker_,2,NO_QUERY,2,2,0.686671,positive,positive
school history science fcs math amp english,Thu May 14 04:10:44 PDT 2009,krystal_xo15,0,NO_QUERY,0,0,0.697075,negative,negative
thanks unfortunately i will be studying straight out of a book,Sun May 17 11:23:59 PDT 2009,BlueyedCass85,0,NO_QUERY,0,0,0.7034004,negative,negative
at freddies having a cotch and ladyhawke is here just missing you my bajan beauty,Fri May 29 12:55:42 PDT 2009,sjburgerface,0,NO_QUERY,0,0,0.6364334,negative,negative
hah that is not bobby bobby looks like my friend donnie who is married,Sun May 03 20:20:38 PDT 2009,IzzyJ_Is_Here,0,NO_QUERY,0,0,0.6960375,negative,negative
im up way too early and its rather cold on the brighter side and i are going on our picnic today,Tue Apr 07 00:03:37 PDT 2009,sianhughes_,2,NO_QUERY,2,2,0.6945396,positive,positive
bea ill need at least a year to think of something really good,Sun May 31 16:19:54 PDT 2009,emilyrmurtagh,2,NO_QUERY,2,2,0.63461906,positive,positive
me and my michelle,Mon Jun 01 17:54:18 PDT 2009,bngates,2,NO_QUERY,2,2,0.64387226,positive,positive
waitin for iphone g s in russia,Fri Jun 19 11:35:51 PDT 2009,iPen942,0,NO_QUERY,0,0,0.69215375,negative,negative
at workthe first half of the day was stressfulthe second half is chilled have an important meeting tomorrow and campie awards,Fri May 29 02:42:55 PDT 2009,neethiisaac,2,NO_QUERY,2,2,0.6624944,positive,positive
ahh sel ur last tweet is totally something i would do hes an idiot i wish i could bring you ice cream or something haha,Tue Jun 16 06:15:32 PDT 2009,aRiellex3,0,NO_QUERY,0,0,0.62201375,negative,negative
sighhhhhhhhhhhhhhhhhhhhhhhhhhhhhh the imported ones are always better arent they,Mon Jun 01 06:57:18 PDT 2009,weeweeyun,0,NO_QUERY,0,0,0.6111882,negative,negative
i stood on guard all night,Sat May 30 22:55:53 PDT 2009,elephantbird,2,NO_QUERY,2,2,0.69299006,positive,positive
sitting in my car with the air running petting my kitty car while we wait for her apt at the vet to make sure shes ok i hope so,Tue Jun 23 15:27:47 PDT 2009,LittleWolfy,0,NO_QUERY,0,0,0.62843084,negative,negative
sundays toast so ff to bed b another week in the boredroom,Sun Apr 19 00:37:52 PDT 2009,DaiDreima,0,NO_QUERY,0,0,0.6154732,negative,negative
she ended up at signal hill park i dnt have internet,Mon Jun 22 18:41:46 PDT 2009,alexv47,0,NO_QUERY,0,0,0.6930078,negative,negative
do you work all weekend x,Sun Apr 19 03:08:24 PDT 2009,JoshBC,2,NO_QUERY,2,2,0.69739586,positive,positive
i know i have no idea whats causing it cuz it used to not be that way im revamping soon hopefully will find cause,Sun Jun 07 08:43:55 PDT 2009,mawbooks,0,NO_QUERY,0,0,0.6959013,negative,negative
off to starbucks right now last hours here,Sun May 31 09:22:30 PDT 2009,_meee,0,NO_QUERY,0,0,0.6819311,negative,negative
props on the new spray bottle it makes me want to clean beds nonstop the rest of the grls agree,Sun May 31 08:33:05 PDT 2009,kristinka16,2,NO_QUERY,2,2,0.6965842,positive,positive
i have some problems with flash as who can help me,Tue Jun 02 04:55:09 PDT 2009,Marijn1,0,NO_QUERY,0,0,0.69741774,negative,negative
loving lifehubs missing out being indoors,Sat Apr 18 14:44:47 PDT 2009,kelleymoon,0,NO_QUERY,0,0,0.69615114,negative,negative
well i know whats wrong with my spinebut nothing to fix it right now greattime for meds then bed timestory of my life,Fri Apr 17 21:25:21 PDT 2009,xmarycatherinex,0,NO_QUERY,0,0,0.6122613,negative,negative
my wish list for today more sleep even more sleep a hr body massage at cozy i dont think any of them will come true,Tue Jun 16 17:38:45 PDT 2009,dessey,0,NO_QUERY,0,0,0.66413975,negative,negative
hey heading to bed before billy tells me to get off the computer leave stuff questions whatever,Sat May 02 02:06:59 PDT 2009,HotDogJake,2,NO_QUERY,2,2,0.6372157,positive,positive
i wonder whether the caa will ever pay me my money back months and counting,Wed Jun 17 06:05:09 PDT 2009,sophierouse,0,NO_QUERY,0,0,0.6296031,negative,negative
just a hi why is it so hard te amo,Sat Jun 20 14:59:16 PDT 2009,juhgpoynter,0,NO_QUERY,0,0,0.6392109,negative,negative
goin to retrieve our towed car not my fault,Fri Jun 05 14:34:38 PDT 2009,f0ll0wMarf,0,NO_QUERY,0,0,0.6944947,negative,negative
sadly yes most of the ones ive got have lacked sweetness even nicely perfumed small ones,Sat Jun 20 05:49:37 PDT 2009,megnut,0,NO_QUERY,0,0,0.6951071,negative,negative
i miss alreadyyy did you like the season finale andy samberg was so funny at the mma,Mon Jun 01 07:59:49 PDT 2009,EvyNAF,0,NO_QUERY,0,0,0.693959,negative,negative
basketball lake worth christian pm serious ballers only please,Sun Jun 07 13:11:10 PDT 2009,josiahpotter,2,NO_QUERY,2,2,0.6930356,positive,positive
so so dumb havin fun today the kids rock makin breakfast for me,Tue Jun 16 06:58:54 PDT 2009,ArmyWifeJeanie,2,NO_QUERY,2,2,0.6791935,positive,positive
if starting over builds character i must be an overanimatedbafoon,Mon Jun 15 13:47:17 PDT 2009,forgrant,0,NO_QUERY,0,0,0.62333864,negative,negative
going to the city tonight for supper with some friends got to get dressed up no jeans allowed,Wed Jun 17 14:29:00 PDT 2009,JPStevens,0,NO_QUERY,0,0,0.675375,negative,negative
thnks for the vote of confidence kaasan but rly anyone can talk about using a fosmid subcloning strategy is clueless,Mon Jun 01 21:53:33 PDT 2009,hafelina,2,NO_QUERY,2,2,0.6961459,positive,positive
im glad the kittahs are with me so i dont have to be alone,Fri May 29 01:24:11 PDT 2009,LydiaBarling,2,NO_QUERY,2,2,0.60009915,positive,positive
quoti got plenty moneyquot sounds incredible in the clubprepping for my flight back to nyc dont wanna leave,Mon Jun 15 07:59:33 PDT 2009,MatriarchAgency,0,NO_QUERY,0,0,0.64991534,negative,negative
sold of urre,Mon Jun 01 10:06:00 PDT 2009,Elricadon,2,NO_QUERY,2,2,0.6702176,positive,positive
mom is pissing me offffffffffffffffff cant wait till i get to church though xoxo,Sun May 31 07:24:08 PDT 2009,smileeeys,2,NO_QUERY,2,2,0.6959018,positive,positive
selfless no i dont know u i think u meant quotselfishquot but even if u did its still no i like to find flaws with quotes,Tue Jun 02 00:30:44 PDT 2009,KCasey1,2,NO_QUERY,2,2,0.6842828,positive,positive
i cant work that from my phone but i think itll overlay green on whatever i upload i need a real computer for this,Thu Jun 18 06:51:57 PDT 2009,Kimber_Ann,0,NO_QUERY,0,0,0.6356106,negative,negative
thats where jeff and i will be look forward to seeing no sees chocolate with me this time david sorry,Wed Jun 03 05:59:05 PDT 2009,cascheller,0,NO_QUERY,0,0,0.6086367,negative,negative
this twigga is going to bed im wayy too twigga to be on hurr,Sun Jun 14 22:33:37 PDT 2009,shainakins,2,NO_QUERY,2,2,0.6274412,positive,positive
lmao u r hysterical so no sammies then ps i can not believe you ate paying vladamir to set up a treadmil lol,Fri Jun 19 12:23:25 PDT 2009,StephanieKingxo,0,NO_QUERY,0,0,0.6081874,negative,negative
but thats life so im going to have to live with it even if it sucksoh well,Fri Jun 19 20:17:00 PDT 2009,Stephanie_52,0,NO_QUERY,0,0,0.6854379,negative,negative
dont hate me we all have flaws haha,Sat May 30 12:32:46 PDT 2009,waynooooo,0,NO_QUERY,0,0,0.668558,negative,negative
somehow i dont think quick amp dirty will come through in your work,Sat May 02 13:18:26 PDT 2009,paulzadie,2,NO_QUERY,2,2,0.6189462,positive,positive
ok so im at lunch yay me rite i hope every ones day isnt rainy as mine,Mon Jun 15 09:25:06 PDT 2009,BillylakeG118,0,NO_QUERY,0,0,0.68782175,negative,negative
music gets me through the day or shall i say night cant sleep,Fri Jun 19 23:02:01 PDT 2009,leeceuh,0,NO_QUERY,0,0,0.66595054,negative,negative
does the year in india count,Sat May 30 02:04:47 PDT 2009,jedidja,2,NO_QUERY,2,2,0.66076994,positive,positive
at the melting pot happy hour yumm i hope i dont get bad gas from the cheese n beer lol,Tue May 26 22:47:36 PDT 2009,muhmaid,2,NO_QUERY,2,2,0.6012553,positive,positive
the day is looking good so far car in for repair at last and a parcel to be delivered,Mon Jun 01 23:38:45 PDT 2009,ladybug8320,2,NO_QUERY,2,2,0.606714,positive,positive
i must defrag my pouter now,Sun Jun 07 11:53:07 PDT 2009,Kaners76,0,NO_QUERY,0,0,0.6765596,negative,negative
i think your tweeps are slacking offat one point his lead was down to about but now its over again,Sun May 31 13:26:07 PDT 2009,Huffleduck,0,NO_QUERY,0,0,0.6799358,negative,negative
i donated on the siteand i didnt even get a code thats ok though im gonna bring more to the concert great pics by the way,Wed Jun 17 16:52:30 PDT 2009,shawnasstoller,0,NO_QUERY,0,0,0.6316941,negative,negative
morning bleezershould be happy but i dnt know tht emotion anymore,Sat Jun 06 09:45:39 PDT 2009,kingdaddy20,0,NO_QUERY,0,0,0.6051651,negative,negative
i dont think so im filming another travel documentary on satsun ill put the in your acct wish we could see you,Mon May 18 02:56:47 PDT 2009,globetrotteri,0,NO_QUERY,0,0,0.612139,negative,negative
t smells like summer outside i dig that,Sun May 17 23:09:58 PDT 2009,sydford,2,NO_QUERY,2,2,0.6950944,positive,positive
ronja in east frisia,Sat May 30 08:21:07 PDT 2009,bumgirl,2,NO_QUERY,2,2,0.6813212,positive,positive
send it bk this way pls lol im burning again,Tue Apr 07 05:19:38 PDT 2009,nessie111,0,NO_QUERY,0,0,0.69658875,negative,negative
i just read your blog it was hilarious haha it made me rofl i wish i was in the us so i could see you on tour,Sat May 30 11:08:35 PDT 2009,PaoloAlonso,0,NO_QUERY,0,0,0.6551198,negative,negative
i know dude but i have to get ready because im going to pakistan for the whole freakin summer wish me luck,Tue Jun 02 14:59:14 PDT 2009,Freshskater23,0,NO_QUERY,0,0,0.68968534,negative,negative
a beautiful day here sunny warmgee we need some rain,Sat May 30 18:45:33 PDT 2009,Dazdiglar,0,NO_QUERY,0,0,0.67813694,negative,negative
whew out of breath from my interview on gspn i talk a lot and apparently i talk faster than i thought im from the south i swear,Mon Jun 15 13:15:11 PDT 2009,studionashvegas,2,NO_QUERY,2,2,0.68831235,positive,positive
im up thanks alot iinsomnia anyways whats the bug deal with the laker paradeshit ud think a riots bout to go down,Wed Jun 17 05:55:45 PDT 2009,alexander247,0,NO_QUERY,0,0,0.67140436,negative,negative
put in a full day of babysitting grown men now back to hotel before dinner and then more work on briefing slides someone hold me,Mon Jun 22 14:13:50 PDT 2009,southernmojo,0,NO_QUERY,0,0,0.64841616,negative,negative
so basically i believe you are a sadist the building of anticipation was cruel and unusual yes you are a sadist hahahaha,Thu May 28 23:39:21 PDT 2009,NicoMSilva,2,NO_QUERY,2,2,0.6307512,positive,positive
back to work now i suppose enjoying the sunshine though,Fri May 22 06:06:28 PDT 2009,crghall,0,NO_QUERY,0,0,0.6965849,negative,negative
nahhhhh not possible he could never hate u funny thing about them sockshe wore them in the mampg in prov lol,Thu Jun 04 10:11:05 PDT 2009,DsBabyGirl,2,NO_QUERY,2,2,0.6162466,positive,positive
i think i picked the wrong program really debating my career choiceim serious,Sat Apr 18 17:13:32 PDT 2009,lgibbys,0,NO_QUERY,0,0,0.687734,negative,negative
dont have to go to school tommorow,Tue Jun 16 02:02:28 PDT 2009,HeadingForJapan,2,NO_QUERY,2,2,0.6946922,positive,positive
im watching cartoons and feeling grateful i lt the rain the rest can wait,Sun Apr 19 09:19:55 PDT 2009,aglaia,2,NO_QUERY,2,2,0.65638596,positive,positive
its looks like the lounge is creeping into the coldplay subforum,Mon Jun 01 02:07:23 PDT 2009,butadream,0,NO_QUERY,0,0,0.64848787,negative,negative
hmm didnt we have this convo last week,Mon Jun 01 15:53:27 PDT 2009,laharwell,2,NO_QUERY,2,2,0.693305,positive,positive
im red boo how short,Sat Jun 06 04:53:27 PDT 2009,ablackpanda,0,NO_QUERY,0,0,0.63659847,negative,negative
most likely down my local pub,Tue Jun 16 08:28:46 PDT 2009,Punkmunkyuk,2,NO_QUERY,2,2,0.6437395,positive,positive
all good things must come to an end,Sat Jun 20 20:35:18 PDT 2009,frozensolidone,0,NO_QUERY,0,0,0.6609235,negative,negative
omg you got to be fucking kidding me,Mon Jun 15 08:30:08 PDT 2009,DeeFrey,0,NO_QUERY,0,0,0.6188872,negative,negative
please please the only thing i want is you checkin my web dedicated to u,Sat Jun 06 13:16:58 PDT 2009,shhlaaliew,2,NO_QUERY,2,2,0.69597375,positive,positive
i am not ok im an uncredited producerbut u make me happy,Mon Jun 01 14:20:53 PDT 2009,jorgeperezjr,2,NO_QUERY,2,2,0.68921375,positive,positive
we really never know where life will take us but we must learn and appreciate the ride its too short,Sun Jun 07 18:32:54 PDT 2009,fatboyslimdjr,2,NO_QUERY,2,2,0.65791625,positive,positive
how was the gym last night and that tweet about unemployment is a little disturbing,Tue Jun 02 06:45:13 PDT 2009,bluface,0,NO_QUERY,0,0,0.60385734,negative,negative
perhaps this might be true however it make the follically challenged individual look like one,Fri May 29 21:51:52 PDT 2009,Project_2501,2,NO_QUERY,2,2,0.6452042,positive,positive
not sure when im camping just yet but a trip to joshua tree or death valley is in the works,Mon Jun 01 15:33:07 PDT 2009,18percentgrey,2,NO_QUERY,2,2,0.64064264,positive,positive
i supposed to list my name in the philippines its too late to realize i have enlisted my name in singapore hahaha lol,Tue Jun 16 00:06:16 PDT 2009,lemmyxuz,2,NO_QUERY,2,2,0.60405934,positive,positive
nope we cover vb vba and asp in this course no c for me for probably a while im out to relearn python next,Fri May 22 05:58:55 PDT 2009,map_maker,2,NO_QUERY,2,2,0.6840411,positive,positive
happy to follow u finally tried to find u several times before with no result looking ward the next season xx,Sat Jun 20 04:16:50 PDT 2009,rivendell0104,0,NO_QUERY,0,0,0.69611895,negative,negative
feeling lost without my pnasty he is off having an adventure with my dad and brothersugh come home soon my lovelt,Fri Jun 19 12:49:47 PDT 2009,kaylaaleeann,0,NO_QUERY,0,0,0.64322007,negative,negative
needs to buy more csi cause he basically seen all of these like times or more,Sun Apr 19 00:25:04 PDT 2009,xdarrynashleyx,0,NO_QUERY,0,0,0.6447321,negative,negative
has lots of interstate trips coming up,Sun May 03 21:06:34 PDT 2009,brodes13,2,NO_QUERY,2,2,0.62110686,positive,positive
oh i wouldnt go so far as to say i was addressing a troll but sometimes people get carried away with leaderbashing,Sat Apr 18 15:15:17 PDT 2009,linnetwoods,2,NO_QUERY,2,2,0.6925199,positive,positive
had a longbusy busy busy night at work but my weekend is here yay,Mon Jun 15 06:39:23 PDT 2009,rachelematson,2,NO_QUERY,2,2,0.6913196,positive,positive
demiiiii i wish i were you your life rocks haha,Fri May 29 22:52:11 PDT 2009,jjchelak,2,NO_QUERY,2,2,0.63859093,positive,positive
yes ive attended bea five times couldnt go last year because i was months pregnant and also missed this time,Sat May 30 19:50:43 PDT 2009,rawsistaz,0,NO_QUERY,0,0,0.6458437,negative,negative
okay but only cuz youve been dealing with this s longer,Sat Jun 06 16:18:03 PDT 2009,flipflops,0,NO_QUERY,0,0,0.6799734,negative,negative
i cannot wait until i can finally turn that monfri alarm off for summer three exams down three to go,Fri Jun 05 21:56:51 PDT 2009,rachael2389,2,NO_QUERY,2,2,0.6910136,positive,positive
just off for a walk down the seafront typically the dark clouds seem to be closing in,Tue Apr 07 05:37:39 PDT 2009,saryp,0,NO_QUERY,0,0,0.64914846,negative,negative
unexpected trip i thought id see you at the sessions but i went to visit friends in the beaches after i leave at am,Sat Jun 06 20:15:25 PDT 2009,somisguided,0,NO_QUERY,0,0,0.6355388,negative,negative
i imagine you have large grounds to tend to with no neighbors for a mile away lol you have a tractor to mow the lawn or what,Mon Jun 01 11:30:53 PDT 2009,Angelbysea,2,NO_QUERY,2,2,0.65435827,positive,positive
its true myspace has a lot more friends in the lower who arent on fb yet or even here o shocking i know,Mon Jun 01 21:35:22 PDT 2009,Dr_Jared,2,NO_QUERY,2,2,0.6851725,positive,positive
writing a speech cant wait for this week to be over,Mon Jun 15 21:25:10 PDT 2009,tayandthecity,0,NO_QUERY,0,0,0.6961692,negative,negative
probably not now the job i got is from pm mf so i think my hubby will have kids at pool more than me,Wed Jun 17 18:36:49 PDT 2009,dalissa,0,NO_QUERY,0,0,0.699173,negative,negative
feeling like crap once again i hope this doesnt become a regular tuesday occurrence thankfully no fever probably stress though,Tue Jun 23 16:14:29 PDT 2009,oskr_nyc,0,NO_QUERY,0,0,0.62506497,negative,negative
oooo thats even more exciting i wish i could join in the torture,Tue Jun 16 04:17:19 PDT 2009,ecaps1,2,NO_QUERY,2,2,0.6956564,positive,positive
ohhh no was thinkingthought i might blog my thoughtsforgotten,Fri Jun 19 01:38:27 PDT 2009,FallingBullets,0,NO_QUERY,0,0,0.6487298,negative,negative
is boreedd,Wed Jun 17 17:34:35 PDT 2009,mickey0294,0,NO_QUERY,0,0,0.6918876,negative,negative
yes hes her father and is in the film youre just not up to speed on your teen programming,Mon May 18 06:40:52 PDT 2009,ralphcochrane,2,NO_QUERY,2,2,0.61735904,positive,positive
my camera only lets me take a video for about minutes so i had to hurry with it yatrivia,Sat Jun 06 19:38:09 PDT 2009,PoloPony95,0,NO_QUERY,0,0,0.64644694,negative,negative
handbrake not sure exactly what yet theyre looking into it and wiper blades which i replaced months ago,Wed Jun 03 03:25:43 PDT 2009,hworsnop,0,NO_QUERY,0,0,0.69572616,negative,negative
or get a cab back,Sat Jun 06 23:23:44 PDT 2009,sawwaa,2,NO_QUERY,2,2,0.61687624,positive,positive
wish we could be there glad its going well,Sat Jun 06 20:06:52 PDT 2009,Christina_1976,2,NO_QUERY,2,2,0.6326506,positive,positive
nono its the effect,Fri May 29 01:29:42 PDT 2009,asmitter,2,NO_QUERY,2,2,0.65173966,positive,positive
just texted entire pledge class no one will go outside with me fml quotstudyingquot psh whats that,Fri Jun 05 14:21:02 PDT 2009,corner14,0,NO_QUERY,0,0,0.66104406,negative,negative
just had a glass of wine from vina mar in chile my last bottle from the trip its organic a cab sauvcab franc mix,Sat May 30 16:47:11 PDT 2009,bradjward,0,NO_QUERY,0,0,0.6788006,negative,negative
and off to cambridge,Sat Jun 06 15:20:33 PDT 2009,meemles,2,NO_QUERY,2,2,0.6883745,positive,positive
and i would be nothing without people like upay it forward,Sun Apr 19 11:20:46 PDT 2009,celebritymound,2,NO_QUERY,2,2,0.65339005,positive,positive
today is gonna be boring but i gotta stay positive,Sun Jun 07 09:12:58 PDT 2009,VanessaCalderon,2,NO_QUERY,2,2,0.68592805,positive,positive
i feel for you when we moved to nh our only option was direcway so we invested mos later dsl became available,Sat Jun 06 10:30:02 PDT 2009,between2wheels,0,NO_QUERY,0,0,0.64513314,negative,negative
youll get a call from doubletake but it could be another party inviteyou never know with us,Fri May 22 07:46:04 PDT 2009,TalonNYC,2,NO_QUERY,2,2,0.6858555,positive,positive
o i tried all of them like seconds after you put them up im neverr getting one,Thu Jun 18 15:44:28 PDT 2009,bennasher,0,NO_QUERY,0,0,0.6538145,negative,negative
i dont think it took as well as loreal brasilia but then brasilia makes me look emo,Sat Apr 18 07:46:24 PDT 2009,lollipop26,2,NO_QUERY,2,2,0.63014597,positive,positive
in seattlehate the weather,Tue Jun 23 11:05:04 PDT 2009,dccannady,0,NO_QUERY,0,0,0.6589349,negative,negative
like i said dougie your vhot so that overrides all teh dumb things youve ever said xxxxxx,Sun Jun 07 13:37:52 PDT 2009,LaurenACTIVE,2,NO_QUERY,2,2,0.61004734,positive,positive
quotfrom my lungs to yours from your mouth to minequot sometimes i wish i can write beautiful lyrics like he does goodnight,Sat May 02 07:53:00 PDT 2009,Ashmrx,2,NO_QUERY,2,2,0.68614656,positive,positive
aww i wish there was sun out here then i can get a tan walks it out go meee go meeee,Fri May 29 10:21:22 PDT 2009,FieFieSoMajor,0,NO_QUERY,0,0,0.62655514,negative,negative
but ive done it when i was little but they need to pay me haha maybe i was or then,Sun May 17 23:30:22 PDT 2009,magh,2,NO_QUERY,2,2,0.69307685,positive,positive
it wouldnt be isihac without jeremy quotattemptingquot one song to the tune of another or murdering pick up song,Tue Jun 16 01:58:38 PDT 2009,mittfh,2,NO_QUERY,2,2,0.63684744,positive,positive
guess ill make coffee and a frickin quilt if i cant sleep,Sat May 30 03:58:56 PDT 2009,honeybeehill,0,NO_QUERY,0,0,0.6848727,negative,negative
i wanna goooo have a meeting right now though would ya believe,Thu Jun 04 22:32:33 PDT 2009,AntoinetteTaus,0,NO_QUERY,0,0,0.63475746,negative,negative
when is gonna be on skype we need to set up a date,Mon Jun 15 06:29:09 PDT 2009,Zain9,2,NO_QUERY,2,2,0.67125344,positive,positive
baking cookies for my last day at forever,Sat Jun 20 08:47:01 PDT 2009,Bri10any25,0,NO_QUERY,0,0,0.66814303,negative,negative
or maybe it was there,Sun May 03 17:44:26 PDT 2009,craigsutton,2,NO_QUERY,2,2,0.7057148,positive,positive
got new musicall set to study,Sat Jun 06 03:03:51 PDT 2009,drarps,2,NO_QUERY,2,2,0.6476885,positive,positive
can you ask the jobros if theyll ever tour down in the southwest of england,Sun Jun 07 11:57:46 PDT 2009,BeckyC3,2,NO_QUERY,2,2,0.6726471,positive,positive
lol yeahgot me there i guess i just need a crown lol,Sun May 03 21:31:41 PDT 2009,polymerclaygal,2,NO_QUERY,2,2,0.6190959,positive,positive
i think the only place you can find them is ebay,Thu Jun 18 17:25:03 PDT 2009,Djcheapshot,0,NO_QUERY,0,0,0.69385463,negative,negative
hey at least i remembered,Fri Jun 05 15:17:17 PDT 2009,JakeElSerpiente,2,NO_QUERY,2,2,0.69576645,positive,positive
thanxxx now with that message i just wanna leave bye,Fri May 29 15:36:09 PDT 2009,x3Lovebug,0,NO_QUERY,0,0,0.62470603,negative,negative
if by tipping correctly you mean not tipping then yes i refuse to pay someone to fill my car up hurry up and get to msp,Mon Jun 01 17:54:24 PDT 2009,KeithAtDarden,2,NO_QUERY,2,2,0.61272323,positive,positive
please give me money,Mon Jun 15 00:04:17 PDT 2009,tintin_nav,2,NO_QUERY,2,2,0.69264877,positive,positive
well its saturday i bet you want your daily pic then hmmm from the movie cold and dark,Sat Jun 06 05:32:50 PDT 2009,LukeGossForum,2,NO_QUERY,2,2,0.6738776,positive,positive
aw that sucks it would be awesome if you could get it worked out,Tue Jun 16 15:44:43 PDT 2009,StarChild1981,0,NO_QUERY,0,0,0.66644657,negative,negative
lol blog to come up soon im just a little late to the game,Sun May 17 07:07:35 PDT 2009,mikefoong,2,NO_QUERY,2,2,0.6626328,positive,positive
yess my bro and mikes dad will alternate but sometimes hell have to b alone in his crate and that makes me,Fri Jun 19 22:08:33 PDT 2009,msfaithy,0,NO_QUERY,0,0,0.6875329,negative,negative
yes it was not so bad after all glass half full much,Sun Jun 07 00:35:40 PDT 2009,ellearpon,2,NO_QUERY,2,2,0.65813327,positive,positive
were totally still on im just letting dylan sleep in since he went to bed ber late,Fri Jun 19 09:31:40 PDT 2009,sheBAKES,0,NO_QUERY,0,0,0.68855506,negative,negative
thats because everyone loves north carolina women what is there not to like,Tue Apr 07 08:20:47 PDT 2009,indefinite,2,NO_QUERY,2,2,0.601642,positive,positive
i think we needs to talk about what we needs ta do with teh camera,Mon Jun 01 19:36:24 PDT 2009,WayneRockwood,2,NO_QUERY,2,2,0.68882877,positive,positive
aww nana,Wed Jun 24 23:54:52 PDT 2009,x0miss_sarah,0,NO_QUERY,0,0,0.6635827,negative,negative
oh thats nice so your writing goes well i didnt write anything this weekend only the unfinished haiku i sent you,Mon Jun 01 02:12:01 PDT 2009,magnusholmgren,2,NO_QUERY,2,2,0.6771386,positive,positive
run was great thanks is very windy today so bike ride not an option this morning,Mon Apr 06 23:47:49 PDT 2009,MyAppleStuff,0,NO_QUERY,0,0,0.6302783,negative,negative
get better hope you didnt have allergic reaction,Tue Jun 16 05:56:06 PDT 2009,ianeyecan,0,NO_QUERY,0,0,0.62836826,negative,negative
oh and i wont be at the step shopw sat either hey when will i see you again,Tue Jun 16 13:46:02 PDT 2009,daddyzyaya,0,NO_QUERY,0,0,0.65323806,negative,negative
yeah it bloody does,Tue Jun 23 17:43:56 PDT 2009,Tom13hayward,0,NO_QUERY,0,0,0.6389992,negative,negative
quotthis is between alexi me and lukequot um excuse me since when get over it i dont care anymore sheesh btw plz leave tara alone,Tue Apr 21 04:16:35 PDT 2009,lexikitty,2,NO_QUERY,2,2,0.69557154,positive,positive
whats going on,Sun Apr 19 01:59:53 PDT 2009,luciacardozo,0,NO_QUERY,0,0,0.6200624,negative,negative
days to go,Tue Jun 02 03:41:48 PDT 2009,badwulfstudio,2,NO_QUERY,2,2,0.68286777,positive,positive
tonight beer barca less work and more play at the weekend and hopefully more music wishing pandora worked here,Tue May 26 22:39:58 PDT 2009,manguste7,0,NO_QUERY,0,0,0.6690935,negative,negative
tidur lagi youre lucky you dont have school tmrw,Sun Jun 07 09:05:49 PDT 2009,beebeebuthainah,0,NO_QUERY,0,0,0.68422043,negative,negative
evil seductress now that doesnt sound compliment to me,Thu May 14 04:42:11 PDT 2009,sinfulsignorita,0,NO_QUERY,0,0,0.6464641,negative,negative
this is what i am drinking instead of beer airport is out of beer at least it is carbonated,Fri May 29 09:28:05 PDT 2009,StossyStoss,0,NO_QUERY,0,0,0.684313,negative,negative
talking to ella reliving memories from the old days and the last weekend things are neving going to be the same again,Mon Jun 15 08:09:52 PDT 2009,sam_1992xx,0,NO_QUERY,0,0,0.65182805,negative,negative
bored bored bored someone entertain me pleaseee,Sat Jun 20 06:30:26 PDT 2009,luvsrachel,0,NO_QUERY,0,0,0.6773503,negative,negative
aw haha its ok i was wondering where it had got but i thought it was just the post lol ta pics from last night on facebk,Sat May 02 03:11:35 PDT 2009,fruitdance,2,NO_QUERY,2,2,0.6077516,positive,positive
hello everybody i have been quiet today did anybody miss me via yes of course,Fri May 29 14:40:09 PDT 2009,ChristopherY,2,NO_QUERY,2,2,0.6855631,positive,positive
yes i was still sleep and i only like days off when i dont have cramps lol,Tue Jun 16 12:17:03 PDT 2009,GuttaButta,0,NO_QUERY,0,0,0.6909936,negative,negative
current playlist leave me alone ever untouched i love the veronicas,Sat May 30 06:10:50 PDT 2009,faiznurdavid,2,NO_QUERY,2,2,0.64901817,positive,positive
just woke up from a hour nap i think its time to really go to sleep holocaust museum in the morn,Sun May 17 00:05:21 PDT 2009,keeeee_sha,2,NO_QUERY,2,2,0.60733813,positive,positive
mandatory bbq today due to nice weather,Sun May 31 00:57:24 PDT 2009,richo1973,2,NO_QUERY,2,2,0.69724077,positive,positive
i stepped in dog crap when i went for my walk,Sun Apr 19 03:49:36 PDT 2009,Sian_Rogerson,0,NO_QUERY,0,0,0.63989395,negative,negative
the disk is scratched i love my transformers disk who scratched it lol,Mon Jun 01 22:54:15 PDT 2009,JLOYO,0,NO_QUERY,0,0,0.69295204,negative,negative
chillin wassup ma ayo in cali my day just started idk where u r but u have a gud day ya diggg,Mon May 04 07:35:16 PDT 2009,youngnatho,2,NO_QUERY,2,2,0.6583718,positive,positive
been there it sucks hope you feel better maybe if you kill some murlocs youll feel better,Thu May 14 04:30:16 PDT 2009,RacquelN,0,NO_QUERY,0,0,0.6795274,negative,negative
just told the spouse goodby now off to work,Thu May 14 06:32:58 PDT 2009,kristin1990,0,NO_QUERY,0,0,0.6044611,negative,negative
hey whats your email i dont feel the love either souljaboytellem live gt,Sun May 31 13:26:47 PDT 2009,disneygirl92,0,NO_QUERY,0,0,0.6901003,negative,negative
seems like more than one sometimes,Mon Apr 20 00:36:03 PDT 2009,willtompsett,0,NO_QUERY,0,0,0.64852595,negative,negative
time for bed again,Sun May 03 16:59:04 PDT 2009,IanMcGuigan,2,NO_QUERY,2,2,0.6985855,positive,positive
no it takes a few days for the ga board to give us license syou will discover in due time how inefficient the ga board is,Wed Jun 17 08:16:55 PDT 2009,DrGray10,0,NO_QUERY,0,0,0.63577414,negative,negative
musiq soulchild mint condition and eric benet are all gonna be at the indiana black expo this year n im gonna miss it amp i love themmm,Sat Jun 20 15:57:38 PDT 2009,MzKing14,0,NO_QUERY,0,0,0.6436769,negative,negative
week of my beach body work out with billy blanks i slacked off for days,Sat May 30 11:18:18 PDT 2009,l3abyl3o0,0,NO_QUERY,0,0,0.696983,negative,negative
we already bbqd but thx the invite big d,Sun Jun 07 18:32:54 PDT 2009,Questita,2,NO_QUERY,2,2,0.62315756,positive,positive
note do not take laptop in bath,Sat Jun 20 06:32:03 PDT 2009,eringrrl,0,NO_QUERY,0,0,0.64107996,negative,negative
aww high fives,Wed Jun 03 10:39:24 PDT 2009,laughingg86,2,NO_QUERY,2,2,0.681178,positive,positive
nap time remember day off means day off even though ive gotten two phone calls and one email work related,Mon Jun 01 14:20:23 PDT 2009,Taraj,0,NO_QUERY,0,0,0.6208513,negative,negative
okaaaaaaaaaay sorry for my lack of tweets had a busy weekend anyways getting ready for school till,Sun May 17 22:42:45 PDT 2009,xxjzAnna,0,NO_QUERY,0,0,0.7003265,negative,negative
checked in now i can wait for hrs,Sun Jun 21 05:36:31 PDT 2009,gobilo,0,NO_QUERY,0,0,0.69771636,negative,negative
so rant all u wantit feels good to let it outbut keep moving forward amp look back every so often to c how far uve come,Sun Jun 07 06:21:12 PDT 2009,thedrumlife,2,NO_QUERY,2,2,0.628669,positive,positive
another high pollen count day today,Tue Jun 16 01:15:43 PDT 2009,MarcPaulina,0,NO_QUERY,0,0,0.6394962,negative,negative
you think youre bored lmao im siteless for another few hours while my dns updates oo im sick of being siteless blegh,Sat Jun 20 03:07:50 PDT 2009,xedays,0,NO_QUERY,0,0,0.68578124,negative,negative
another week starts and its an incredibly dull and lazy day,Mon Jun 15 15:55:54 PDT 2009,thebookaddict,0,NO_QUERY,0,0,0.6281067,negative,negative
tell me about it im on my g needs to get past the activation screen and jailbreak is needed for that devteamfail,Thu Jun 18 00:24:30 PDT 2009,dannyrodri,0,NO_QUERY,0,0,0.69261944,negative,negative
my dads fixing our sinksince i couldnt actually i never tried,Tue Jun 16 01:59:32 PDT 2009,DizzyMalfoy,0,NO_QUERY,0,0,0.6029447,negative,negative
so i decided to clean out my follow list whoop for only following people i give a shit about,Mon Jun 01 18:00:18 PDT 2009,markgravina,2,NO_QUERY,2,2,0.6210266,positive,positive
a flurry of tweets and then it all goes quiet,Wed Jun 03 06:50:07 PDT 2009,korbz,0,NO_QUERY,0,0,0.6477637,negative,negative
if only i could fast forward a few years to when im already a special ed teacher,Fri May 29 16:22:38 PDT 2009,TheJessicaGrace,2,NO_QUERY,2,2,0.69899386,positive,positive
poor thing im sorry going to the nintendo store will make it all better,Mon Jun 15 07:49:15 PDT 2009,Made2shine,0,NO_QUERY,0,0,0.61924005,negative,negative
passed my humanities test yay not bad what comes first best friends or boyfriends if bffs ddnt hate bfs itd be fine sux,Wed Jun 03 04:40:03 PDT 2009,EmmaBoo0496,2,NO_QUERY,2,2,0.6379794,positive,positive
do i detect a theme here,Sat Jun 06 10:47:31 PDT 2009,ddtannenbaum,2,NO_QUERY,2,2,0.6848581,positive,positive
if i eva fall in love again i hope its da right girl me i really do,Wed Jun 17 22:10:32 PDT 2009,djwaynejay,0,NO_QUERY,0,0,0.64024055,negative,negative
is eating his last bar of snickers chocolate mmm,Wed Jun 17 04:57:45 PDT 2009,ryesaidso,0,NO_QUERY,0,0,0.69641256,negative,negative
full going to read and sleep and eat some more and just sleep some more then homework,Sun May 17 11:42:59 PDT 2009,shioribbery,0,NO_QUERY,0,0,0.6582584,negative,negative
this is not the hammer,Sun Jun 07 13:11:07 PDT 2009,leakybrains,2,NO_QUERY,2,2,0.70203614,positive,positive
were just spending time with our families this summer we plan on going back west when we get sick of them,Mon Jun 15 16:41:13 PDT 2009,nataliesousa,2,NO_QUERY,2,2,0.6939807,positive,positive
hope it gets better soon,Sun Jun 14 14:33:19 PDT 2009,ayerad,0,NO_QUERY,0,0,0.6267276,negative,negative
i want a smoothie ill settle the freddys location i guess,Sat May 30 10:14:26 PDT 2009,Crudsbigsis,0,NO_QUERY,0,0,0.69653237,negative,negative
gotta walk to the bus stop today gonna go if you only knew by savanah,Tue Apr 21 04:06:43 PDT 2009,cindyegomez,2,NO_QUERY,2,2,0.6465255,positive,positive
on my way to work in a better mood,Mon Jun 15 16:15:08 PDT 2009,CierraD,2,NO_QUERY,2,2,0.69538355,positive,positive
that sounds like what i call badges then no sorry but in primary school we had this cool pressing thing that did,Mon Jun 01 22:21:42 PDT 2009,calrion,2,NO_QUERY,2,2,0.63673025,positive,positive
id blame it on the baby amp dog,Sun May 17 11:58:57 PDT 2009,Dutchrudder,2,NO_QUERY,2,2,0.67640346,positive,positive
see just changed my picture,Mon Apr 20 07:20:06 PDT 2009,nikkisaarsteine,2,NO_QUERY,2,2,0.67283994,positive,positive
craving the smell of the vaccum trying to fill that craving with something else any ideas,Thu Jun 18 05:15:18 PDT 2009,PipianaD,0,NO_QUERY,0,0,0.68793845,negative,negative
thanks i needed that actually had to go to a meeting now gotta go look at more clothes,Wed Jun 17 17:14:05 PDT 2009,ahhiker,0,NO_QUERY,0,0,0.6862241,negative,negative
last ballroom class of the semester was today and it was great cant believe john is at hotel right now grr i always find out too late,Sun Jun 14 23:28:15 PDT 2009,MiChiamoElle,0,NO_QUERY,0,0,0.6752242,negative,negative
isnt he perfect well at least for me and you,Mon May 18 03:13:31 PDT 2009,aatifaa,2,NO_QUERY,2,2,0.6750392,positive,positive
no such thing as bad publicity right,Thu May 28 22:50:41 PDT 2009,misskittymarie,2,NO_QUERY,2,2,0.6899999,positive,positive
for some reasn i didnt get your tweet today sent to my phonebummer but yeah i edited and am almost done for now,Tue Jun 16 10:15:29 PDT 2009,kenny912,0,NO_QUERY,0,0,0.6808325,negative,negative
im starting to get pretty jealous of frank iero i hav never asked me to marry u d,Tue Jun 02 21:36:56 PDT 2009,chemicalguy,0,NO_QUERY,0,0,0.6620899,negative,negative
day off grrrrr,Sun Jun 21 09:36:03 PDT 2009,MsCherrylicious,0,NO_QUERY,0,0,0.61801636,negative,negative
mines still in stock waiting to be dispatched,Thu May 14 04:26:13 PDT 2009,Lillybef,0,NO_QUERY,0,0,0.64775443,negative,negative
tell me about it man,Sun May 03 07:34:11 PDT 2009,kin_meng,0,NO_QUERY,0,0,0.67625165,negative,negative
how come i never seen that,Sat May 30 21:23:58 PDT 2009,megzpoo,0,NO_QUERY,0,0,0.68273926,negative,negative
there is a lot of truewifi paid but coverage is spotty also sometimes cannot connect most time very slow better than edge,Thu Jun 18 22:52:27 PDT 2009,kjohn,0,NO_QUERY,0,0,0.6482819,negative,negative
i have a feeling youre probably not alone in ruining your feet from high heels,Mon Jun 01 04:59:32 PDT 2009,DrRus,0,NO_QUERY,0,0,0.69223285,negative,negative
im poorer a camshift position sensorwhen it comes from oh apparently getting parts is an issue wthis car,Thu Jun 18 15:41:17 PDT 2009,kindray,0,NO_QUERY,0,0,0.62142336,negative,negative
im getting close maybe a couple more days and i will have it or several more inches but that will never happen,Sat Apr 18 21:54:42 PDT 2009,bobhorne,0,NO_QUERY,0,0,0.67669165,negative,negative
damnwhy cant nun of da rappers i listen to cum to stlouis lyk dey go otha places dat aint cool mane,Sat Jun 20 18:42:34 PDT 2009,SbeezyBaby,0,NO_QUERY,0,0,0.64102644,negative,negative
coming up at we have todays official weather forecast from ktxs chief meteorologist damon lane look for hot weather and no rain,Fri Jun 05 14:37:00 PDT 2009,KACUFM,0,NO_QUERY,0,0,0.66195154,negative,negative
i would if only i could,Tue Jun 02 23:46:59 PDT 2009,kanika14,0,NO_QUERY,0,0,0.64621603,negative,negative
cards all working now,Mon Jun 01 14:26:56 PDT 2009,debthebumblebee,2,NO_QUERY,2,2,0.69111896,positive,positive
youre my star childhood why dont you come to perform in israel,Sat May 30 00:05:59 PDT 2009,aviamos,0,NO_QUERY,0,0,0.67292094,negative,negative
im so excited but i dont no why,Sat Jun 06 11:19:26 PDT 2009,Gladyspurple,0,NO_QUERY,0,0,0.6906798,negative,negative
thanks man the guy is definitely paying for everything he wasnt a dick at all so i cant h but ill still regul,Sun May 10 21:02:04 PDT 2009,cjbxz,2,NO_QUERY,2,2,0.64536315,positive,positive
im sorry feel better if you ever need to talk dont hesitate huge hug,Thu Jun 18 08:58:31 PDT 2009,xpaintedheartsx,0,NO_QUERY,0,0,0.63305736,negative,negative
havent put on mascara or eyeliner in four daystheres no point,Sun May 31 09:19:23 PDT 2009,salinisalazini,0,NO_QUERY,0,0,0.67392826,negative,negative
aff tae bed gnight all,Sun Jun 07 16:09:00 PDT 2009,softthistle,2,NO_QUERY,2,2,0.63739216,positive,positive
if i were there i would be on that,Sat Jun 06 20:08:33 PDT 2009,ruthlessrocks,2,NO_QUERY,2,2,0.68072325,positive,positive
dang girl i can tell youre working hard cause you havent been on twitter in mad long miss you,Sat Jun 20 19:12:36 PDT 2009,aNaLuZ8,0,NO_QUERY,0,0,0.6619862,negative,negative
my horoscope suggests that im going to have some romance today,Sat May 30 05:18:07 PDT 2009,3_SRC,2,NO_QUERY,2,2,0.6161767,positive,positive
yessss ams suck but i could get used to these four day wknds,Thu Jun 04 11:54:39 PDT 2009,Blayur,2,NO_QUERY,2,2,0.6825073,positive,positive
why does australia have to be km away is in blues mode,Sun May 17 11:04:17 PDT 2009,CrikeyitsEzzie,0,NO_QUERY,0,0,0.64395046,negative,negative
ok must do a few choresbe back later,Sun May 31 13:08:35 PDT 2009,Candy73,2,NO_QUERY,2,2,0.62764025,positive,positive
she has one that has these gorgeous golden eyesi want to hold one,Tue Jun 02 14:56:24 PDT 2009,DragonflyeDream,2,NO_QUERY,2,2,0.6975143,positive,positive
i agree,Sat Jun 06 10:21:29 PDT 2009,annieyankee,0,NO_QUERY,0,0,0.71487117,negative,negative
aww its goin off now lol,Wed Jun 17 21:00:09 PDT 2009,kreativiti08,0,NO_QUERY,0,0,0.69372463,negative,negative
i dont know they live their own life lol,Wed Jun 03 00:47:49 PDT 2009,UglyDani,2,NO_QUERY,2,2,0.6232662,positive,positive
if i could see straight id be there,Sun May 31 03:16:29 PDT 2009,rdy2freefall,2,NO_QUERY,2,2,0.6511441,positive,positive
i am the empitome of epic fail just you know more epic than fail,Sun May 10 02:43:02 PDT 2009,zuppalizzle,2,NO_QUERY,2,2,0.6339054,positive,positive
nowt like revising in the sun,Mon Jun 01 06:14:21 PDT 2009,pollyannamae,2,NO_QUERY,2,2,0.61072487,positive,positive
oh hey me too,Sat Jun 06 22:37:20 PDT 2009,caityisawinner,2,NO_QUERY,2,2,0.6603683,positive,positive
is going to high wycombe today to see colour live for quite possibly the very last time,Sun Jun 21 05:48:52 PDT 2009,starsie,0,NO_QUERY,0,0,0.6618912,negative,negative
rain fits todays mood in a little bit im going to upload some pics to fb from the grand ole opry reba concert i went to last weekend,Sun May 17 05:56:51 PDT 2009,Hollysarah,2,NO_QUERY,2,2,0.6942898,positive,positive
a member,Fri May 22 06:51:30 PDT 2009,MusicGirl87,2,NO_QUERY,2,2,0.6012282,positive,positive
cleaning,Fri May 29 09:09:19 PDT 2009,taylor_bsstt,0,NO_QUERY,0,0,0.6513604,negative,negative
nicei think it rained for seconds down here today,Tue Jun 23 17:17:09 PDT 2009,michaelherald,0,NO_QUERY,0,0,0.651016,negative,negative
apparently theres another tmobile ad recording ill see if i can make it,Sat Jun 06 04:16:13 PDT 2009,giloi2009,2,NO_QUERY,2,2,0.6800203,positive,positive
that usb charger thing isnt the most eyecatching thing is it,Mon Jun 01 05:29:51 PDT 2009,plasmadog,2,NO_QUERY,2,2,0.6948358,positive,positive
i saw it today i saw your tweet as soon as i returned from the cinema it is good but many book details are skipped,Thu Jun 18 04:08:44 PDT 2009,crystalunicorn,0,NO_QUERY,0,0,0.6496231,negative,negative
digging through hundreds of emails to find the receipt for my headphones i broke yet another pair,Mon Jun 15 20:53:11 PDT 2009,rageko,0,NO_QUERY,0,0,0.65836954,negative,negative
so excited about sims but i have to wait to buy it next week when im less broke,Sat Jun 06 08:18:26 PDT 2009,pennnnn,0,NO_QUERY,0,0,0.6406156,negative,negative
i dunno if your being racist or dumb,Sat Jun 06 11:21:11 PDT 2009,MightyMike419,0,NO_QUERY,0,0,0.6840136,negative,negative
same and they watched them rehearse fly with me times and chatted with them for like mins i think,Sat May 30 15:16:41 PDT 2009,emmaluxton,0,NO_QUERY,0,0,0.6923746,negative,negative
ficou bom,Sun Jun 07 05:38:38 PDT 2009,colorful_dreams,2,NO_QUERY,2,2,0.66785216,positive,positive
you got itmarketing rips the abs a little px amp circular strength training w good nutrition doesnt hurt either,Sun Jun 07 06:23:11 PDT 2009,richardeng,2,NO_QUERY,2,2,0.61310565,positive,positive
i would never beat you up i love u too much will u have my babies can we get married where do u live hahha,Tue Jun 02 00:52:08 PDT 2009,rockchick2k,2,NO_QUERY,2,2,0.6931838,positive,positive
ahhh brokencydes cd comes out tommorrow,Mon Jun 15 12:10:56 PDT 2009,nikkieo,2,NO_QUERY,2,2,0.6738994,positive,positive
u never got back to me about the internshipjob thing and you never said if you liked the banner i made ac,Thu Jun 18 00:54:19 PDT 2009,chlon2005,0,NO_QUERY,0,0,0.6775614,negative,negative
work but not complaining,Fri May 22 01:50:44 PDT 2009,romainfrancois,2,NO_QUERY,2,2,0.6767909,positive,positive
my long unflatironed hair is expandingit is getting bigger,Fri Jun 19 15:21:04 PDT 2009,Socallmelovely,0,NO_QUERY,0,0,0.64375997,negative,negative
finished chapter of the book not sure if im going to post it cant give you guys too much before i try to get it published,Wed Jun 03 01:10:31 PDT 2009,Andrewlloydpoet,2,NO_QUERY,2,2,0.69534886,positive,positive
doesnt think i did so well on my math test but got a good mark on anthro interview,Tue Jun 02 08:08:41 PDT 2009,mc_lovinit,0,NO_QUERY,0,0,0.68635666,negative,negative
damn having to wake up this early this cruise had better be worth it haha see you all in a week no phoneinternet lates,Sat Jun 20 04:55:41 PDT 2009,xkrnaaax,0,NO_QUERY,0,0,0.6788957,negative,negative
it is am here so i havent done so mush yet breakfast some reading,Mon May 18 02:37:21 PDT 2009,nettehassel,2,NO_QUERY,2,2,0.6950512,positive,positive
you guys must have done that friday when i wasnt there anything i should know for the final,Mon Jun 01 16:01:25 PDT 2009,JitteryBarista,2,NO_QUERY,2,2,0.66382945,positive,positive
yaaay i got my preorder i got the twitter shirt im so shocked my mom didnt say anything then again i dont think she really saw it lol,Mon Jun 01 13:17:55 PDT 2009,heymeghan,2,NO_QUERY,2,2,0.69535446,positive,positive
yasmina has the nicer box gt amp you havent got around to commenting on the choc package yet either,Sun Jun 07 13:25:34 PDT 2009,rachaelblogs,2,NO_QUERY,2,2,0.6227143,positive,positive
lolz i duno what im gona call it tho,Sun May 31 13:36:55 PDT 2009,iyaitssuzanne,2,NO_QUERY,2,2,0.6945448,positive,positive
cant wait to download that summer nights performance off youtube im at camp and dont have a tv sorry guys,Mon Jun 15 21:30:50 PDT 2009,lilsiskirb,0,NO_QUERY,0,0,0.6951945,negative,negative
already got one so no probs there,Fri May 22 03:43:32 PDT 2009,paulpuddifoot,2,NO_QUERY,2,2,0.69646597,positive,positive
is going to work in an hour lol,Sun Jun 07 10:04:39 PDT 2009,cet1213,0,NO_QUERY,0,0,0.6275343,negative,negative
tbh i dnt know xd could be moro could be nxt month haha when eva it is im gunna be waiting,Sat May 30 04:17:52 PDT 2009,Abii_BWS_PMG,2,NO_QUERY,2,2,0.6950605,positive,positive
lol i sed want to not ach dress up for no reason pleaseeeeeeeeeeeeee im bored lol,Fri May 29 15:43:59 PDT 2009,HollieSSargeant,0,NO_QUERY,0,0,0.64140236,negative,negative
ohh nooo your bullying me again lmfaoo yes ii love everyone including ugly ppl lol,Sat Jun 20 21:10:48 PDT 2009,breeziibabyax3,0,NO_QUERY,0,0,0.67708313,negative,negative
real programmers can write assembly code in any language,Mon May 18 04:08:30 PDT 2009,VerniceMatt73,2,NO_QUERY,2,2,0.7050336,positive,positive
gonna turn off my computer and prepare for test,Sun May 17 07:20:53 PDT 2009,ZolTae4evr,0,NO_QUERY,0,0,0.6984948,negative,negative
i got all excited coz is following me then i realized she follows a lot of people i want tickets for her concert though,Sat Apr 18 16:52:33 PDT 2009,ellebannana,0,NO_QUERY,0,0,0.67956984,negative,negative
ahhhhhhhhh how the fuck do u do fractions,Mon Jun 15 16:43:22 PDT 2009,Kate_Arnold,0,NO_QUERY,0,0,0.6089859,negative,negative
is going to bedwishing i was sober to see someone lol next time,Sat Jun 06 02:25:48 PDT 2009,jvegasrocks,2,NO_QUERY,2,2,0.68988085,positive,positive
im the muthafuckin dynamo of volition wait nevermind thats not me,Sat Jun 06 16:24:46 PDT 2009,aujyauj,0,NO_QUERY,0,0,0.6641838,negative,negative
you never tweet me,Sun Jun 07 20:58:12 PDT 2009,kandaka_long,0,NO_QUERY,0,0,0.6265413,negative,negative
im soooo bored just watching come dine with me the scots accent sounds daft on the telly,Sat Jun 20 08:14:19 PDT 2009,x__claireyy__x,0,NO_QUERY,0,0,0.68771183,negative,negative
got a new tattoo before leaving san diegocouldnt help it,Sat Jun 06 17:15:23 PDT 2009,misa_conant,2,NO_QUERY,2,2,0.68993175,positive,positive
shitty seats for wolverine it was still okay though not too fond of prequels in the first place,Sat May 02 01:17:30 PDT 2009,alisagomi,0,NO_QUERY,0,0,0.6970985,negative,negative
mayor meltdown work day left and pretty sure i wont return need a break from everyone and everything wanna b happy againthats all,Mon May 04 05:23:09 PDT 2009,LilMissMadde,0,NO_QUERY,0,0,0.64385766,negative,negative
hello towny received your dm i cant believe it that a gokester would hate danny,Fri Jun 05 23:57:14 PDT 2009,chelzmae,2,NO_QUERY,2,2,0.68818337,positive,positive
bout o nappp my siister housee ii quess or whatever ii thiink shes bout o qet dress nd qo out smh iima be extraaaa boredd,Fri Jun 05 19:34:54 PDT 2009,BiiMa2QKuTe,0,NO_QUERY,0,0,0.6761025,negative,negative
i know but its because twitterfon is a program on iphone but whenever im using mobile web i am on the site,Sat Jun 06 05:24:56 PDT 2009,yaseminx3,2,NO_QUERY,2,2,0.6178535,positive,positive
going the hospital soon pretty sacred n dont know that to do with boo,Sat Jun 06 09:00:14 PDT 2009,krazymexigrl253,0,NO_QUERY,0,0,0.62593997,negative,negative
writing tell me all those sweet words to make me want to kiss you again,Sun Jun 07 17:43:00 PDT 2009,SarahVamp,2,NO_QUERY,2,2,0.6633453,positive,positive
then again he is from edinburgh,Sun May 31 16:18:10 PDT 2009,mcvane,2,NO_QUERY,2,2,0.61705136,positive,positive
i cant sleep how do i make myself tired without thinking so much,Sat Jun 06 04:23:05 PDT 2009,sfokr,0,NO_QUERY,0,0,0.68830824,negative,negative
back to work today yay hoping to finish the card designs to get them submitted hoping that the weather starts acting more like summer,Mon Jun 01 05:11:22 PDT 2009,KraZJon,0,NO_QUERY,0,0,0.6726289,negative,negative
well thats if wikipedia was to be trusted census lines up though had to check im like that,Sun Jun 07 02:01:32 PDT 2009,nonsequitir,2,NO_QUERY,2,2,0.6421789,positive,positive
goodmorning oh myits super late alreadyhave to work on my thesis all day,Sat Jun 06 01:58:30 PDT 2009,juliaundchicco,0,NO_QUERY,0,0,0.68988067,negative,negative
u r slacking but i lovey dovey youuu,Fri Jun 05 13:36:58 PDT 2009,bella_xo,2,NO_QUERY,2,2,0.6882398,positive,positive
youre welcome glad you came wow i didnt even see this msg til i clicked on your name thru alis link,Sun May 03 17:09:27 PDT 2009,ritterblockhead,2,NO_QUERY,2,2,0.684266,positive,positive
theyre writing about me,Sat May 30 16:08:16 PDT 2009,CommanderCobra,2,NO_QUERY,2,2,0.68465674,positive,positive
hope the op went ok my dad had a similar op weeks ago and he didnt sleep for the first couple of nights fine now though,Thu May 14 02:31:46 PDT 2009,wendy_uk,2,NO_QUERY,2,2,0.6913988,positive,positive
th one was lastnight i was on the computer next to shadows and we were looking at zacky and his quotsyn hairquot haha,Wed Jun 03 10:34:53 PDT 2009,pitasnackk,2,NO_QUERY,2,2,0.6669071,positive,positive
i wanna meet a heaps cute boy,Mon Jun 15 02:23:29 PDT 2009,shaannyy,2,NO_QUERY,2,2,0.6906818,positive,positive
yeah i know its back now though i love you sally buster,Sun Jun 07 09:57:41 PDT 2009,nethmii,2,NO_QUERY,2,2,0.65613675,positive,positive
wtf am i doing at ikea on a weekend bad plan they are rockin bowie so thats something minus s bowie,Sat May 02 12:37:27 PDT 2009,domo_domo,0,NO_QUERY,0,0,0.65881586,negative,negative
i am gonna be on duty from tomorrow end of holidays,Sun Jun 07 03:04:44 PDT 2009,dearharshad,0,NO_QUERY,0,0,0.69146395,negative,negative
i have once they claimed they never got my order can u just call them directly,Tue Jun 02 17:57:56 PDT 2009,hobokencat,0,NO_QUERY,0,0,0.6526358,negative,negative
heya on my dinner now didnt get an extra break but if i wanted to i could have split my dinner up but other than that nothing,Fri May 22 06:35:52 PDT 2009,Naomi_McDonagh,0,NO_QUERY,0,0,0.65813744,negative,negative
i am so going to get withdrawl symptoms once the apprentice has finished,Fri Jun 05 12:46:55 PDT 2009,carole29,0,NO_QUERY,0,0,0.6829767,negative,negative
yeeees but i dont think she adds you,Tue Jun 23 15:13:59 PDT 2009,ilaxX,0,NO_QUERY,0,0,0.6945032,negative,negative
hehcommon youve been through worse relax no need for belly butterflies at allunless you ate something bad,Sat Jun 06 04:16:42 PDT 2009,MatkoMartinovic,2,NO_QUERY,2,2,0.66017467,positive,positive
school today hope it doesnt take all summer to finish,Tue Jun 16 08:07:15 PDT 2009,thesavedm,0,NO_QUERY,0,0,0.64142036,negative,negative
have to pull another labs post im getting s wow no wait figured it out you really screwed the earl up badly,Sun May 31 13:26:46 PDT 2009,chukaman,0,NO_QUERY,0,0,0.66082305,negative,negative
ahhh okay thats what i thought merci,Sun Jun 07 12:11:55 PDT 2009,ModernDayFire,2,NO_QUERY,2,2,0.64335525,positive,positive
i ate my lunch too fast and now im all bloaty,Mon Jun 15 09:15:47 PDT 2009,scronce,0,NO_QUERY,0,0,0.6738037,negative,negative
oh no lol just two one is orange and white and then i have the gray one i posted a pic on tumblr today,Sun May 17 21:27:34 PDT 2009,NinjaPixie83,2,NO_QUERY,2,2,0.66554976,positive,positive
ready to go but look a state,Sat Jun 20 01:54:50 PDT 2009,vick_toria,0,NO_QUERY,0,0,0.68242735,negative,negative
has had a really good night ceebs with work tomorrow night x,Sat May 30 16:52:26 PDT 2009,jesswillx,2,NO_QUERY,2,2,0.6774291,positive,positive
a hella lot ppl who got ur back u shldnt treat em like shit u wanna unfollow me go on no sweat off my ass cnt blieve u,Fri Jun 05 15:19:32 PDT 2009,angeleyes9397,0,NO_QUERY,0,0,0.67852855,negative,negative
i said few ur one of the few,Sun May 03 03:52:27 PDT 2009,nicolalalalala,2,NO_QUERY,2,2,0.66001177,positive,positive
i was soooo close to going to the twins game tomorrow but no luck saaaaad o well ive got plans ne ways for tomorrow night yay me,Wed Jun 17 21:20:11 PDT 2009,Jzizzle07,0,NO_QUERY,0,0,0.6765871,negative,negative
does pussy generally come on a silver platter wouldnt it be a bit unconfortable,Sun May 31 17:02:04 PDT 2009,licksharder,2,NO_QUERY,2,2,0.6741937,positive,positive
yay for blogging and ballgroping nb believe alexandra prefers not to be called alex runs away from potential wrath,Mon Jun 15 06:59:46 PDT 2009,evil_cackle,2,NO_QUERY,2,2,0.68874633,positive,positive
ohh when you do tell me what you think but dm me instead of posting or text,Mon Jun 01 00:05:24 PDT 2009,jessicasydney,2,NO_QUERY,2,2,0.67249036,positive,positive
allisons grandma just picked me up on the way to white marsh,Fri May 29 12:57:42 PDT 2009,mmmjonas,2,NO_QUERY,2,2,0.6798147,positive,positive
does any have the spousal abuse number i just got hit for my last tweet lmao,Sun May 10 00:32:53 PDT 2009,itsSERGiObitch,0,NO_QUERY,0,0,0.68847954,negative,negative
we are at ikea we could spend a hundred thousand dollars pray for us,Fri May 29 11:21:27 PDT 2009,ONEbody,2,NO_QUERY,2,2,0.66669804,positive,positive
just saw the lion king on broadway amazing wish i was a kid again,Sat May 30 22:51:13 PDT 2009,tbomb_oswalt,0,NO_QUERY,0,0,0.65769625,negative,negative
i agree panic win panic,Mon Jun 01 15:19:22 PDT 2009,aleclightwood,0,NO_QUERY,0,0,0.6962435,negative,negative
great idea its taking a long time for them to get here s annoying,Mon Jun 01 01:22:06 PDT 2009,booklover1984,2,NO_QUERY,2,2,0.65599954,positive,positive
youtube mega shark vs giant octopus trailer kapot om gelachen,Sun Jun 07 04:56:53 PDT 2009,MichielAptroot,2,NO_QUERY,2,2,0.6769431,positive,positive
i never got it u sent it,Sun May 03 16:34:02 PDT 2009,S_dott,0,NO_QUERY,0,0,0.6647514,negative,negative
its fiesta tomo have to sleep early and prepare for the celebrn,Sat May 30 06:48:43 PDT 2009,miguelcaymo,2,NO_QUERY,2,2,0.67712975,positive,positive
yeah,Tue Jun 16 00:56:34 PDT 2009,ZQTan,2,NO_QUERY,2,2,0.66554785,positive,positive
whats the matter,Wed Jun 17 23:44:45 PDT 2009,quixoticelixer,0,NO_QUERY,0,0,0.61652386,negative,negative
im jealous im slaving away at the store and youre chilling on the boat,Fri May 29 17:16:53 PDT 2009,adamkrischel,0,NO_QUERY,0,0,0.6937896,negative,negative
do the best in ur exams,Tue Jun 02 02:49:42 PDT 2009,stefficami,2,NO_QUERY,2,2,0.6297124,positive,positive
same to you,Tue Jun 02 11:26:01 PDT 2009,iamlogiq,2,NO_QUERY,2,2,0.6454276,positive,positive
seems like i may need some quotme timequot myself,Tue Jun 23 12:24:44 PDT 2009,FunNateofPMG,0,NO_QUERY,0,0,0.6171384,negative,negative
ahhhh no wont see hey monday at all,Tue Jun 16 22:47:12 PDT 2009,withlovesevelyn,0,NO_QUERY,0,0,0.6358011,negative,negative
hahah i was like crying when they played fly with me lol its just so beautiful lol,Mon Jun 01 08:33:11 PDT 2009,saaam_,2,NO_QUERY,2,2,0.69364846,positive,positive
prayin for dad in wellington fl via i too live in welly may i pray f,Fri May 29 16:26:45 PDT 2009,Prayter,0,NO_QUERY,0,0,0.69346106,negative,negative
if theyre important enough i dont write on their wall i call,Tue Jun 02 01:24:38 PDT 2009,gabyrosario,2,NO_QUERY,2,2,0.6725082,positive,positive
this story was definitely not ridiculous,Sat Jun 06 13:12:57 PDT 2009,PrettyPrats,2,NO_QUERY,2,2,0.6610712,positive,positive
sarahxsmiles and the amazing people at the end of them,Sat Apr 18 13:29:25 PDT 2009,wechangexwewait,2,NO_QUERY,2,2,0.6870359,positive,positive
yep maybe hell change his mind tmrw,Sat May 30 14:21:35 PDT 2009,miztrhollywood,2,NO_QUERY,2,2,0.6145382,positive,positive
gmorning bagrut today off to school wish me luck,Sat Jun 06 20:46:37 PDT 2009,shiraz16,2,NO_QUERY,2,2,0.65022445,positive,positive
ginger tony spunky and gigantocat were all on the back deck gt and gigantocat decided not to play nice,Wed Jun 17 18:14:36 PDT 2009,drjonboyg,0,NO_QUERY,0,0,0.69014126,negative,negative
this week was awsomegot an interview at toysrus on mondaymoving up in life getting a grown up job in a kids store oh well,Fri May 29 22:52:04 PDT 2009,lowlah,2,NO_QUERY,2,2,0.63052344,positive,positive
well yeah i enjoy nlt even though they are deceased baaaaaaaaaaaaaaaaaaaaaaa,Mon Jun 15 04:13:15 PDT 2009,Zay_Ish,0,NO_QUERY,0,0,0.66704094,negative,negative
car problems off to the garage soon not before coffee and sum tunes,Tue Jun 02 01:11:00 PDT 2009,CraigRyRy,0,NO_QUERY,0,0,0.6457609,negative,negative
ahaha maybe they would at that im afraid to blow my nose this morning,Sun Jun 07 06:03:56 PDT 2009,afistfulofsky,0,NO_QUERY,0,0,0.61114436,negative,negative
now i have to sit out n look for a park,Sun May 31 00:32:29 PDT 2009,psychmaster10,0,NO_QUERY,0,0,0.6755458,negative,negative
i wanted to see cavs vs nuggets if the cavs lose i hope the lakers beat the crap out of the magic,Fri May 29 22:09:54 PDT 2009,Dotseoem,0,NO_QUERY,0,0,0.6845122,negative,negative
where are yall im bout to start walking lol and it aint funny,Thu Jun 18 13:03:36 PDT 2009,ashjanae,0,NO_QUERY,0,0,0.6636868,negative,negative
traffic ew in the car way to new york,Sat Jun 20 09:05:08 PDT 2009,mereexhenne,0,NO_QUERY,0,0,0.62934697,negative,negative
got about hours of sleep eh ill settle for that beach today holla its been like months since i last went to the beach haha,Sun Jun 07 07:15:48 PDT 2009,PatzIsDoomed,2,NO_QUERY,2,2,0.6663933,positive,positive
miss pixel amp i are headed to the office for our last day,Wed Jun 17 09:18:05 PDT 2009,katetheshark,0,NO_QUERY,0,0,0.6919155,negative,negative
